,client_1,client_2,client_3,client_4,client_5,client_6,client_7,client_8,client_9
client_1,1.0,0.0054563857,0.0058117746,0.0048052357,0.10742432,-0.0031799562,0.17849423,0.13689348,0.16008055
client_2,0.00083794695,1.0,0.0019932576,0.0054584094,0.103915066,-0.0046498016,0.14727327,0.14542218,0.1418591
client_3,-0.04310809,-0.09979986,1.0,-0.14559509,-0.09691442,-0.057994775,-0.15848225,-0.089239694,-0.078948006
client_4,0.002634709,0.016818592,0.2904642,1.0,0.0039343922,-0.0072675585,0.041778952,0.0009994308,0.10867152
client_5,-0.0029806134,0.044444714,0.26741904,0.0026611947,1.0,-0.011260866,0.105428964,0.00023796658,0.09678463
client_6,0.005881395,0.0035708882,0.29416385,0.15661937,0.012054092,1.0,0.19924664,0.014286387,0.19479708
client_7,0.007733078,-0.006386351,0.37179527,-0.0041092536,0.14701179,0.004255043,1.0,0.10957976,0.24828902
client_8,0.0016297475,0.035560377,0.3078928,0.0022355218,4.5016408e-05,-0.0029931553,0.08471537,1.0,0.12363636
client_9,-0.067173265,-0.06078906,0.2523113,-0.05751391,-0.049265377,-0.056024652,-0.09479115,-0.045894664,1.0
