client_id,model_name,component,smoothing_window,decomp_mode,step,MAE,RMSE,sMAPE,WAPE,NRMSE_mean_abs,R2
1,GRU,trend,6,autoformer_same,step_1,0.8923123705628728,1.230098810871714,15.502091907258556,7.126718430394377,9.824549626202787,0.986448898316587
1,GRU,trend,6,autoformer_same,step_2,1.4125901117970403,1.9524958637036822,22.442872448480937,11.277752965933315,15.588219170191653,0.9658999725892516
1,GRU,trend,6,autoformer_same,step_3,1.8503819785663949,2.612186092612913,28.434661680155077,14.768553043484204,20.848779461133454,0.9390178299824797
1,GRU,trend,6,autoformer_same,step_4,2.27641527443535,3.24997046140036,34.29364016319465,18.164180277285066,25.932458506386958,0.9056638473048078
1,GRU,trend,6,autoformer_same,step_5,2.668852792870766,3.8256520365338997,39.468306765315745,21.29008580399895,30.5181514079988,0.8693544580342673
1,GRU,trend,6,autoformer_same,step_6,3.003495776146577,4.338125884387998,42.57239524975277,23.95425684000901,34.59854153239148,0.8320763987766013
1,GRU,season,6,autoformer_same,step_1,1.7262601791903138,2.336370136401832,91.45099546548991,53.83046337858494,72.85567342322211,0.7149629263504944
1,GRU,season,6,autoformer_same,step_2,1.765666335761698,2.3983797598708225,90.34732085617848,55.071436355351665,74.80585342832916,0.6995750797929832
1,GRU,season,6,autoformer_same,step_3,1.895584080256403,2.564715939891186,97.62446044290282,59.10733388214386,79.9719071787072,0.6565594673028095
1,GRU,season,6,autoformer_same,step_4,2.0260625214162373,2.742903430140097,99.73491867164024,63.183518753461364,85.53844437370265,0.6071443365249329
1,GRU,season,6,autoformer_same,step_5,2.0225174889008932,2.7472315585606415,101.7604639888959,63.07357667090054,85.67424868734135,0.6059033738549153
1,GRU,season,6,autoformer_same,step_6,2.0675634891715524,2.788360668543327,101.92286919676003,64.47988712258197,86.9589379241298,0.5940110217642474
1,DLinear,trend,6,autoformer_same,step_1,0.9699239732231434,1.307747585628979,16.91087622334469,7.746586603624441,10.444714635935611,0.984684102169874
1,DLinear,trend,6,autoformer_same,step_2,1.6225212433448433,2.2587780102176507,26.23494786809791,12.953788655042784,18.033496170020967,0.9543625273906293
1,DLinear,trend,6,autoformer_same,step_3,2.06892232646555,2.960192625672745,32.247723206029974,16.51280085689553,23.626342468346525,0.9216868679649344
1,DLinear,trend,6,autoformer_same,step_4,2.5545084668165625,3.74532102041775,37.8124929583815,20.383166829091177,29.885004528081893,0.874715475483762
1,DLinear,trend,6,autoformer_same,step_5,2.784794235924461,4.137519139583771,40.08393513674524,22.214978805758506,33.00599070419184,0.8471858063292358
1,DLinear,trend,6,autoformer_same,step_6,3.0143363999995287,4.525555145108169,42.25622068852102,24.040715788991683,36.09337576132652,0.8172526191498168
1,DLinear,season,6,autoformer_same,step_1,1.7545776333338325,2.4254227909930197,84.63411051507042,54.71349462533618,75.6326268773347,0.6928199786949029
1,DLinear,season,6,autoformer_same,step_2,1.7621071033519833,2.442529259039462,85.2677960272815,54.96042328501358,76.18288346293937,0.6884128038285562
1,DLinear,season,6,autoformer_same,step_3,1.901185295130145,2.627587666442713,89.52667873968907,59.28198869230828,81.93234724216198,0.6395148021904067
1,DLinear,season,6,autoformer_same,step_4,1.9878273183776576,2.764132402274312,93.36325593423092,61.99113962266246,86.20047761630963,0.6010397134706669
1,DLinear,season,6,autoformer_same,step_5,1.99972654614521,2.789293802984251,92.99001041934866,62.36282569683412,86.98598783720176,0.5937431402021391
1,DLinear,season,6,autoformer_same,step_6,2.005370373543355,2.799650944631196,92.87248558405558,62.540306985618585,87.31104101773145,0.5907166075022581
1,TCN,trend,6,autoformer_same,step_1,0.8782211098911368,1.1549660489331326,14.643079469947896,7.014174381415874,9.224479500375917,0.9880537102854735
1,TCN,trend,6,autoformer_same,step_2,1.3470180793780153,1.8101803086586974,21.56782613302917,10.754242871306385,14.45200879217808,0.9706898422653407
1,TCN,trend,6,autoformer_same,step_3,1.8208035529747304,2.4503891957126847,28.195802775046136,14.532477167068848,19.557421303110953,0.9463382555894991
1,TCN,trend,6,autoformer_same,step_4,2.362134909282312,3.1903381758281397,34.85778556920304,18.848162201914118,25.456635175187724,0.9090939527317092
1,TCN,trend,6,autoformer_same,step_5,2.653886284720788,3.676833002761617,38.493760981442584,21.170694339789886,29.330985988435593,0.8793210638313477
1,TCN,trend,6,autoformer_same,step_6,3.0066254346234738,4.241126332552777,41.41196988024028,23.979217302271845,33.8249256641033,0.8395019141597438
1,TCN,season,6,autoformer_same,step_1,1.7015857205847633,2.3141902775080974,90.13112290507298,53.06103270042638,72.16403277478285,0.7203491220299885
1,TCN,season,6,autoformer_same,step_2,1.746606350463766,2.3753242515192294,89.17252182779153,54.476952139387855,74.08674838611608,0.705323258260587
1,TCN,season,6,autoformer_same,step_3,1.846429147097375,2.5185476962808195,93.33030110083752,57.57460469516307,78.5323081825046,0.6688129345527687
1,TCN,season,6,autoformer_same,step_4,1.9273406661874966,2.637121432269565,94.51522563846227,60.10484071401887,82.23959416951392,0.6368615463691567
1,TCN,season,6,autoformer_same,step_5,1.9383755077285938,2.646382311258865,96.63796013884769,60.44955204325859,82.52919763900873,0.6343064054241379
1,TCN,season,6,autoformer_same,step_6,1.9563038149164103,2.679885073170684,96.17780825820547,61.0100970654257,83.57597435320102,0.6249849589411896
1,GRU,trend,12,autoformer_same,step_1,0.47398643295220383,0.6382880121535166,10.328684947007764,4.413803821099405,5.943794186644424,0.9933296309216088
1,GRU,trend,12,autoformer_same,step_2,0.7404344349268189,0.9748575713504788,15.556888239456542,6.891912741083582,9.073906310424261,0.984462505260285
1,GRU,trend,12,autoformer_same,step_3,0.9918393645434902,1.3252812867750077,20.698680157091097,9.227836037631,12.330098721419287,0.9713274683090893
1,GRU,trend,12,autoformer_same,step_4,1.187298577717564,1.639737510736879,24.655484527355753,11.041787673554198,15.249434380167607,0.9561699050425608
1,GRU,trend,12,autoformer_same,step_5,1.4229454154132997,1.9687320690517938,29.76013400734675,13.228559322696196,18.3025197336088,0.9368997637398608
1,GRU,trend,12,autoformer_same,step_6,1.6303372193961925,2.287158258598361,33.7712399615916,15.151837052900758,21.256121504422996,0.91492935031502
1,GRU,season,12,autoformer_same,step_1,2.0424845304179353,2.798784946291724,57.26689658528619,32.03965440344774,43.90343575711537,0.8838278346009538
1,GRU,season,12,autoformer_same,step_2,2.263440677664971,3.06570289720079,62.95507246762635,35.51351369218405,48.1010462578312,0.8605768817183357
1,GRU,season,12,autoformer_same,step_3,2.35222755945257,3.1256252658117187,64.85421592502972,36.90767456419897,49.04267937899405,0.8550678207722119
1,GRU,season,12,autoformer_same,step_4,2.4252552698216228,3.2320022956241368,65.61838045630732,38.05907404018768,50.71919517086469,0.84501599201511
1,GRU,season,12,autoformer_same,step_5,2.5309837461669273,3.388021081538248,67.64867021385348,39.71486739836941,53.16303871650966,0.8296945297688358
1,GRU,season,12,autoformer_same,step_6,2.6767847865627403,3.5875835919588286,71.30956743742038,41.99939714118226,56.290040640269176,0.8090492464017379
1,DLinear,trend,12,autoformer_same,step_1,0.5788254601545321,0.7752504906689623,13.91249725593119,5.390074167032793,7.219200849605096,0.9901598756133336
1,DLinear,trend,12,autoformer_same,step_2,0.8350823260335075,1.1463999264486093,19.008596047080577,7.772888794958425,10.670610592336592,0.9785132388787593
1,DLinear,trend,12,autoformer_same,step_3,1.108749806447776,1.544741344700422,24.611756398477365,10.315542805023,14.371902379730614,0.961045157653652
1,DLinear,trend,12,autoformer_same,step_4,1.3025423819692565,1.8607012966394574,28.173266113369174,12.113546404779205,17.304380816076442,0.9435612913054936
1,DLinear,trend,12,autoformer_same,step_5,1.5246184974233696,2.2057363292888863,32.00632426123662,14.173773652299209,20.505854162974785,0.9207927479510076
1,DLinear,trend,12,autoformer_same,step_6,1.7773943921824786,2.585996716078568,36.5166700055932,16.51853977734896,24.033431093085394,0.8912464969685787
1,DLinear,season,12,autoformer_same,step_1,2.100396126848864,2.8756245383263663,58.91911900040532,32.948090921798865,45.10878813582015,0.8773613425359709
1,DLinear,season,12,autoformer_same,step_2,2.325399100743086,3.177702082810522,63.401458616400106,36.48564489405002,49.85831961030516,0.8502037227285629
1,DLinear,season,12,autoformer_same,step_3,2.3974201981793124,3.2612067964900553,64.55821479452392,37.61677058516907,51.170023821560854,0.8422215511112341
1,DLinear,season,12,autoformer_same,step_4,2.4265593753993846,3.2968973427973878,64.83726342419108,38.079539123330825,51.73758076039812,0.8387296918856915
1,DLinear,season,12,autoformer_same,step_5,2.5800043160314123,3.468878017221454,67.35410686580028,40.48407242977625,54.43180307740702,0.8214686676256874
1,DLinear,season,12,autoformer_same,step_6,2.7744156710033216,3.7372400672719692,70.92180168897573,43.53124920095513,58.6381863660825,0.7927858965359691
1,TCN,trend,12,autoformer_same,step_1,0.5184255210943663,0.6739440066946069,13.859725874861692,4.827624562394398,6.275825948226976,0.9925635764115686
1,TCN,trend,12,autoformer_same,step_2,0.70411793879918,0.9192160526657122,16.06002746674255,6.553881295533208,8.555998933641137,0.9861855418023368
1,TCN,trend,12,autoformer_same,step_3,0.9573261190837417,1.267686944785217,20.520212911940227,8.906733063082639,11.794254799366033,0.973765430279656
1,TCN,trend,12,autoformer_same,step_4,1.2018080702821368,1.6166263075547775,24.969785908474222,11.176724865559441,15.034501944906186,0.9573967204578764
1,TCN,trend,12,autoformer_same,step_5,1.417092090174201,1.933633605590018,29.64967342372829,13.17414327881867,17.976223265833024,0.9391296043535088
1,TCN,trend,12,autoformer_same,step_6,1.6181021792905692,2.2431059419442927,33.99507925446603,15.038128470522464,20.84671328274443,0.9181748352640682
1,TCN,season,12,autoformer_same,step_1,1.9980136447887147,2.7181708295591998,55.88843867301758,31.342057048189474,42.63887389795133,0.8904237280046415
1,TCN,season,12,autoformer_same,step_2,2.2552779702342187,2.9908667756402276,63.69623598209153,35.38544034572181,46.92686341440301,0.8673006486745869
1,TCN,season,12,autoformer_same,step_3,2.3219076257466535,3.0748265261257957,64.70942778776087,36.43193902512277,48.245620841451576,0.8597405140857043
1,TCN,season,12,autoformer_same,step_4,2.3611606802372185,3.154255832489436,66.35394677019235,37.05324972102324,49.49913476344724,0.8523826528680123
1,TCN,season,12,autoformer_same,step_5,2.396250821059144,3.209642196612563,65.9179534585859,37.60070911388663,50.364011397232645,0.8471555647098409
1,TCN,season,12,autoformer_same,step_6,2.5503910637456566,3.430787328485062,68.27861588737764,40.01624922903209,53.829869938473315,0.8253756054968184
1,GRU,trend,24,autoformer_same,step_1,0.3294395761923832,0.47970494924042095,2.9369354006619925,3.286613094162754,4.785716483992461,0.9920781670470447
1,GRU,trend,24,autoformer_same,step_2,0.41374258938850017,0.5710286592538149,4.257228931452997,4.125928803215844,5.6944182644478,0.9887941795928306
1,GRU,trend,24,autoformer_same,step_3,0.5200991032547072,0.7059670287800898,5.752254792840286,5.184337008356849,7.037063910234914,0.9829015729553533
1,GRU,trend,24,autoformer_same,step_4,0.6311961720256429,0.866987533161371,7.121131172631746,6.289022098434577,8.638365461725012,0.9742567701967254
1,GRU,trend,24,autoformer_same,step_5,0.744468408391664,1.0339383210077047,8.50341402078915,7.414379292269381,10.297294051810281,0.9634535764672223
1,GRU,trend,24,autoformer_same,step_6,0.8677173258181203,1.2145447744165088,9.872408736717594,8.6380934452826,12.090746489214228,0.949664850446226
1,GRU,season,24,autoformer_same,step_1,2.46375767879685,3.4388594294908814,48.69989737617298,26.73078350875994,37.31024270255426,0.9106326728106411
1,GRU,season,24,autoformer_same,step_2,2.939936775311173,4.067304114554164,56.0015829530097,31.899870079336928,44.132397622523435,0.874970872498471
1,GRU,season,24,autoformer_same,step_3,2.940135162390346,4.000071545070197,56.33637237895401,31.90074379414691,43.401148800351066,0.8790771993451947
1,GRU,season,24,autoformer_same,step_4,2.940834662760097,3.9609886724251075,57.575980511222916,31.916379340563868,42.98793295564416,0.8814041435870998
1,GRU,season,24,autoformer_same,step_5,3.0124681332695458,4.0431259809778926,58.87765413768077,32.69770356802252,43.8845871957437,0.8764276170921045
1,GRU,season,24,autoformer_same,step_6,3.15198928215435,4.198955801108277,60.26010606800505,34.21337793966267,45.57770770326586,0.866716717859128
1,DLinear,trend,24,autoformer_same,step_1,0.2903809580755861,0.39735676909201334,3.3706239578717376,2.896949632273151,3.964180154657029,0.9945645123501801
1,DLinear,trend,24,autoformer_same,step_2,0.4631861156146777,0.6538150250177623,5.32780959006731,4.618990127385181,6.519981369930984,0.9853094640542721
1,DLinear,trend,24,autoformer_same,step_3,0.6095628934471231,0.8530109442402892,7.0480636359174165,6.076110202157709,8.502794445119331,0.975037014216735
1,DLinear,trend,24,autoformer_same,step_4,0.7168148301149669,1.0060729968247841,8.346436522315608,7.142097032387437,10.024165164238623,0.9653345921963445
1,DLinear,trend,24,autoformer_same,step_5,0.8520254775097496,1.1908931207676237,9.88548372971254,8.485571698847329,11.86045279458295,0.9515156930417863
1,DLinear,trend,24,autoformer_same,step_6,0.9664553584890407,1.3577610356257361,11.175098639453802,9.62102685854667,13.516458858069253,0.9370941570390408
1,DLinear,season,24,autoformer_same,step_1,2.3931507856108065,3.199176499006887,50.90113176879334,25.96472701212268,34.70977923745089,0.9226560542949171
1,DLinear,season,24,autoformer_same,step_2,2.932532828509769,3.875385440927335,58.870205702577415,31.819533337736722,42.049978659707584,0.8864916749597052
1,DLinear,season,24,autoformer_same,step_3,3.0137357858157454,3.985229710760515,60.03442043022997,32.699317499538836,43.240113515835084,0.8799728766354351
1,DLinear,season,24,autoformer_same,step_4,2.991909263057423,3.966971702799079,59.90711309528781,32.47068330684913,43.052865761531336,0.8810455974951111
1,DLinear,season,24,autoformer_same,step_5,3.0443220524873795,4.0372253680459895,60.3285317111214,33.04344996665215,43.82054121648489,0.8767880415431308
1,DLinear,season,24,autoformer_same,step_6,3.0851706610599394,4.073887814547922,60.85193826160409,33.48809287925547,44.220153014793226,0.874538289823599
1,TCN,trend,24,autoformer_same,step_1,0.21961274540476633,0.28689853465031506,2.505894784702759,2.190939331074286,2.862207381189975,0.9971664300254908
1,TCN,trend,24,autoformer_same,step_2,0.3471431109335339,0.47196213938242176,3.9119249729268515,3.4617846868399536,4.706506027454114,0.9923450533372582
1,TCN,trend,24,autoformer_same,step_3,0.5048297594644522,0.7066335224315149,5.54137083444913,5.032132508080339,7.043707504382575,0.9828692729413042
1,TCN,trend,24,autoformer_same,step_4,0.5766678564904029,0.8055625509228896,7.061006746114195,5.745720670780155,8.02634807420716,0.9777753021501671
1,TCN,trend,24,autoformer_same,step_5,0.6532455623934144,0.9666809391310754,7.332121891773215,6.5058642058972165,9.627458120336584,0.9680535996675014
1,TCN,trend,24,autoformer_same,step_6,0.7429859434303484,1.1108472351980183,8.514629540841606,7.39639721015327,11.058441476952774,0.9578931279499163
1,TCN,season,24,autoformer_same,step_1,2.262210287608213,3.0533686032716814,46.68813323472343,24.544075080823255,33.127822170181446,0.9295455557743301
1,TCN,season,24,autoformer_same,step_2,2.629160534304104,3.469988603127901,52.81471953996151,28.527783374914208,37.651208875894795,0.9089973571194491
1,TCN,season,24,autoformer_same,step_3,2.6545650072439457,3.496884480616892,53.58699274087064,28.802280678875125,37.94152228800415,0.9075865358654092
1,TCN,season,24,autoformer_same,step_4,2.695801073824872,3.5487257131476966,54.3492435245579,29.257071398274963,38.513713532375185,0.9048065248842457
1,TCN,season,24,autoformer_same,step_5,2.7922315033289093,3.660472719688532,56.798854662515744,30.307227811253785,39.7312215846313,0.8987112473656577
1,TCN,season,24,autoformer_same,step_6,2.8566048082640534,3.723341078633173,57.947984784674965,31.007116833403543,40.415131618369074,0.8952006193474031
1,GRU,trend,48,autoformer_same,step_1,0.18634077043909775,0.2184869489216643,2.767556998140986,1.8580028613579287,2.1785320241143995,0.9982209673026311
1,GRU,trend,48,autoformer_same,step_2,0.22999850229213112,0.289476255761395,3.305719883902944,2.292483834832062,2.885321270181255,0.9968816044960169
1,GRU,trend,48,autoformer_same,step_3,0.29569935877072184,0.38748144136422147,3.9959992256520223,2.9463018470336637,3.8608036804980745,0.9944202728327007
1,GRU,trend,48,autoformer_same,step_4,0.36354773883756836,0.49353261079787664,4.70766372212479,3.6210561344941263,4.915748109625357,0.990960062160889
1,GRU,trend,48,autoformer_same,step_5,0.4241304451174903,0.5930957849333053,5.403426614502468,4.223002143688027,5.90536366984121,0.9869619779067579
1,GRU,trend,48,autoformer_same,step_6,0.49317887346995504,0.6985818228889845,6.096199796146167,4.90879914658877,6.953253067522408,0.9819351547690591
1,GRU,season,48,autoformer_same,step_1,2.616034750015547,3.5436823506085826,49.55495017451926,28.335796812421343,38.38368438365367,0.9068141793393769
1,GRU,season,48,autoformer_same,step_2,3.1518146956618134,4.218550130200218,57.37084204250566,34.14001321338366,45.69473636526807,0.8679368240879193
1,GRU,season,48,autoformer_same,step_3,3.2930799472991596,4.401249638810874,58.735770933049245,35.66608401942878,47.668239132888274,0.8562752232613522
1,GRU,season,48,autoformer_same,step_4,3.3199624170859976,4.409934216243525,59.56060532807022,35.963114964923086,47.770105232338004,0.8556861243100883
1,GRU,season,48,autoformer_same,step_5,3.3935890112313714,4.460387686858067,61.034854975165885,36.76152152237675,48.317760238033436,0.8523630436603378
1,GRU,season,48,autoformer_same,step_6,3.479594331342588,4.541524053124663,63.09442963714407,37.69569631677367,49.19995743143785,0.8469403907015691
1,DLinear,trend,48,autoformer_same,step_1,0.23038428498987565,0.3157757735142892,2.591249437358114,2.2971605178749206,3.1485982958507157,0.9962838730190354
1,DLinear,trend,48,autoformer_same,step_2,0.355717416133797,0.4984947338971969,4.136647871710313,3.5455727673356203,4.968688899902314,0.9907524550286994
1,DLinear,trend,48,autoformer_same,step_3,0.4270209117155326,0.5924320150897096,4.8789849273277826,4.254769121379795,5.902898720130648,0.9869566787704682
1,DLinear,trend,48,autoformer_same,step_4,0.45534834461776835,0.6283291193243857,5.170170174842159,4.5354206352157,6.258365937659136,0.9853476221540055
1,DLinear,trend,48,autoformer_same,step_5,0.5519866195687076,0.7601258802662966,6.268087750688251,5.496046569069164,7.568456684168535,0.9785842604632541
1,DLinear,trend,48,autoformer_same,step_6,0.6281931482647595,0.858582702609063,7.319763941688142,6.252648189081084,8.545803247426985,0.9727124872008508
1,DLinear,season,48,autoformer_same,step_1,2.5401070246173876,3.445854013671801,50.870899049938586,27.5133793734715,37.32404877378749,0.9118882125156851
1,DLinear,season,48,autoformer_same,step_2,3.254559874325902,4.353884135412445,60.634005823428225,35.25293452885043,47.16065510477941,0.8593275525239121
1,DLinear,season,48,autoformer_same,step_3,3.4822663748676095,4.63542021559096,62.951311402336586,37.71508954889548,50.20445042919987,0.8405744739464204
1,DLinear,season,48,autoformer_same,step_4,3.57320034858394,4.753408645183655,63.84041460415325,38.70628603127914,51.490752482505776,0.8323304605145468
1,DLinear,season,48,autoformer_same,step_5,3.5806771672470314,4.76383333519809,64.02225773121667,38.78817980397459,51.60487676491448,0.8315918965760427
1,DLinear,season,48,autoformer_same,step_6,3.594942265099458,4.764823354714381,64.64653960864298,38.94530195111455,51.61903878037955,0.8315189840765018
1,TCN,trend,48,autoformer_same,step_1,0.22333646461106182,0.30529146088997255,2.423502493957244,2.226886737213202,3.04405927914684,0.9965265404600538
1,TCN,trend,48,autoformer_same,step_2,0.3014506199642232,0.4504571381485902,2.8030851166524036,3.004674666925987,4.489879691812827,0.9924488647496144
1,TCN,trend,48,autoformer_same,step_3,0.33560754018917416,0.4830290668771922,3.288325658825898,3.343940682348524,4.812825080399348,0.9913292296857524
1,TCN,trend,48,autoformer_same,step_4,0.37327839904709864,0.5351528025973452,3.9536195031190524,3.7179767396313257,5.330298991743809,0.9893710749782778
1,TCN,trend,48,autoformer_same,step_5,0.42370817195950894,0.625444511219316,4.561243911481195,4.218797634269036,6.227454970821417,0.9855009479583426
1,TCN,trend,48,autoformer_same,step_6,0.48515928340585607,0.7209791254938819,5.257230004707253,4.828977080031737,7.176182018633234,0.980758227991194
1,TCN,season,48,autoformer_same,step_1,2.384177274337657,3.245713122800088,48.94609664420882,25.824413383661238,35.156206391931846,0.9218263255336918
1,TCN,season,48,autoformer_same,step_2,2.9414104372590373,4.0013610311650645,55.19827321044708,31.860943897566973,43.34217486534098,0.881185133306528
1,TCN,season,48,autoformer_same,step_3,3.133560375316927,4.220343173300574,56.77214467905176,33.93838880761715,45.70891090424444,0.8678475645747593
1,TCN,season,48,autoformer_same,step_4,3.243679112663462,4.330233477576474,57.37389287140006,35.136784753251646,46.90675614672211,0.8608553557834128
1,TCN,season,48,autoformer_same,step_5,3.287903720361978,4.375085098890338,57.475402071049665,35.61667101689846,47.39370827608127,0.8579560056470041
1,TCN,season,48,autoformer_same,step_6,3.3381143756859064,4.428714873334691,58.50242652162092,36.16299309464631,47.97785516386902,0.8544498006812513
2,GRU,trend,6,autoformer_same,step_1,0.869789973816647,1.1553667376279362,14.433311585731335,6.302794304986696,8.37218016505998,0.9872563258393081
2,GRU,trend,6,autoformer_same,step_2,1.3981193975927007,1.8925741938949265,20.718683615779597,10.128268855236254,13.7102016530412,0.9658470060620028
2,GRU,trend,6,autoformer_same,step_3,1.8807650333941988,2.6059401086213163,27.20273227040378,13.622083310623328,18.874410179610685,0.9352941827281426
2,GRU,trend,6,autoformer_same,step_4,2.2771530599687444,3.247550134874465,31.94593945471953,16.49043638872888,23.517749413811433,0.8995620286881129
2,GRU,trend,6,autoformer_same,step_5,2.6452341582959904,3.8356755084986855,36.37792509317296,19.153012998333686,27.772489374316756,0.8599458194969338
2,GRU,trend,6,autoformer_same,step_6,2.929992490039838,4.303414742887108,39.68247677909746,21.211980976642284,31.155009906765642,0.8237522644575548
2,GRU,season,6,autoformer_same,step_1,1.7670093060974785,2.3916944986752293,79.91769005960472,49.883636889349646,67.51882168297844,0.7286023875977954
2,GRU,season,6,autoformer_same,step_2,1.8375973980475122,2.493018410029144,81.33201892444177,51.8866437413709,70.39317845391894,0.7050453784120685
2,GRU,season,6,autoformer_same,step_3,1.9786644761043235,2.667698819202712,85.92704634022324,55.84037492389935,75.28576068302648,0.662475339133469
2,GRU,season,6,autoformer_same,step_4,2.059397789977343,2.804392119456809,84.93995871114156,58.117471702496616,79.1416473572658,0.6270006682054483
2,GRU,season,6,autoformer_same,step_5,2.1043999384890437,2.85212002949404,87.7530928187501,59.40059608507288,80.50636143413573,0.6141289068874879
2,GRU,season,6,autoformer_same,step_6,2.124695059667334,2.862334247555817,88.27764547173857,59.98057755938234,80.80426040511554,0.6113166292499519
2,DLinear,trend,6,autoformer_same,step_1,1.1347854177913912,1.5331415807195161,17.447051158594455,8.22304152030298,11.109665108311384,0.9775601751475914
2,DLinear,trend,6,autoformer_same,step_2,1.6465083228642725,2.2828195904795936,23.902270343326567,11.92765009559764,16.537220587678465,0.9503103274483555
2,DLinear,trend,6,autoformer_same,step_3,1.9718283332485156,2.8256246292407514,27.99751148275289,14.281640371250464,20.465550259371014,0.9239247477198098
2,DLinear,trend,6,autoformer_same,step_4,2.560239255689036,3.7577568335716296,34.866334125211885,18.54045884225548,27.212507859679658,0.8655243816607225
2,DLinear,trend,6,autoformer_same,step_5,2.8696507866444065,4.273836248913223,38.12821651265927,20.777918145698138,30.945024298202554,0.8261206074909833
2,DLinear,trend,6,autoformer_same,step_6,3.007918856514535,4.587249082419444,39.340474826511745,21.77613689474078,33.209857554119665,0.7997365083060672
2,DLinear,season,6,autoformer_same,step_1,1.7881468666303575,2.40282336544235,77.84439234086614,50.48036175701745,67.83299557567211,0.726070814349201
2,DLinear,season,6,autoformer_same,step_2,1.777803322327089,2.4183094528823132,76.29591128409083,50.19829029243446,68.28368703123763,0.7224584680415355
2,DLinear,season,6,autoformer_same,step_3,1.9403910508364723,2.595480702400127,81.46463058828793,54.76025121298781,73.24767609137712,0.6805024553865064
2,DLinear,season,6,autoformer_same,step_4,2.0397444319218936,2.7405063074819447,83.47889968867625,57.56284185574945,77.33875097648914,0.6438014151977174
2,DLinear,season,6,autoformer_same,step_5,2.057095509492695,2.7698577841785172,83.61466490762743,58.065340733438234,78.18435745629829,0.63606687166558
2,DLinear,season,6,autoformer_same,step_6,2.060394727867868,2.7748277541967745,83.43263628522864,58.16536599711901,78.33393483689774,0.6347187956559011
2,TCN,trend,6,autoformer_same,step_1,0.9525600927966783,1.2035205156500015,14.545851805943455,6.902574769506496,8.721118811205134,0.9861719184006272
2,TCN,trend,6,autoformer_same,step_2,1.3153380741145826,1.7640428661723215,19.623890041784144,9.528583662525044,12.779093944030626,0.9703283825164385
2,TCN,trend,6,autoformer_same,step_3,1.7050363494624132,2.3946435903377132,25.170437460835604,12.349308280206621,17.344023068097883,0.9453618187998755
2,TCN,trend,6,autoformer_same,step_4,2.043977762783917,2.9923954888513222,29.27182780762098,14.801853186639633,21.669998716292493,0.9147245173538996
2,TCN,trend,6,autoformer_same,step_5,2.477226318497726,3.7041673924952763,35.06117527864938,17.936539844383866,26.820295231134235,0.869384846115969
2,TCN,trend,6,autoformer_same,step_6,2.818580982060922,4.290551713589589,39.069720608069154,20.405405944159632,31.061886694354474,0.8248043088167948
2,TCN,season,6,autoformer_same,step_1,1.7441783034055653,2.294175014313425,81.77786705425905,49.2391052254964,64.76579420439043,0.7502832323906542
2,TCN,season,6,autoformer_same,step_2,1.7960351976600992,2.374967331062323,82.73642957340527,50.7130879413352,67.05987347913059,0.7323177868562136
2,TCN,season,6,autoformer_same,step_3,1.877612211560725,2.482870720760727,84.37094174291813,52.98855420989261,70.06968310836201,0.7076250701180284
2,TCN,season,6,autoformer_same,step_4,1.9241921231001218,2.575746013510165,81.37080199488774,54.30188466195671,72.68911550164702,0.6853435414433717
2,TCN,season,6,autoformer_same,step_5,1.9412490403784959,2.5981845106452357,82.57736027195499,54.7953590185199,73.33856188502865,0.6797813465413824
2,TCN,season,6,autoformer_same,step_6,1.9666902778387434,2.6260083992085694,85.88158600229234,55.52007014298776,74.13273509090136,0.6728495754275481
2,GRU,trend,12,autoformer_same,step_1,0.5204181032198616,0.656415083763057,13.360296031855444,4.240879940417127,5.349117022077277,0.9917219676249582
2,GRU,trend,12,autoformer_same,step_2,0.8092877515295537,1.0282608876994417,17.848230166696887,6.592820004115938,8.37667243196845,0.9797165721785263
2,GRU,trend,12,autoformer_same,step_3,1.0632049384922109,1.3614097360529278,20.81333104805427,8.65860880679372,11.087150692913289,0.9644970703711198
2,GRU,trend,12,autoformer_same,step_4,1.288918863017834,1.7014030540847125,24.266285599262986,10.493587807094075,13.851780280679044,0.9446310273320685
2,GRU,trend,12,autoformer_same,step_5,1.4978926025791575,2.0302291748985475,27.813717174538468,12.191747283068452,16.524575240156732,0.9212591393694591
2,GRU,trend,12,autoformer_same,step_6,1.7024586542080342,2.341380761931035,30.775475861547203,13.853811182785902,19.053058506750137,0.8953701974982509
2,GRU,season,12,autoformer_same,step_1,2.4332661328561174,3.288897064764213,57.52001713985856,34.89059707161309,47.159480131461166,0.8593515261103337
2,GRU,season,12,autoformer_same,step_2,2.730541131954899,3.699131504217509,63.65627194740415,39.155831028289896,53.04536367200113,0.8220554894324705
2,GRU,season,12,autoformer_same,step_3,2.7566403205541095,3.7269292412002373,65.388038596244,39.526303360276714,53.4388594605407,0.8193951187795492
2,GRU,season,12,autoformer_same,step_4,2.7525216203431593,3.729487950098763,63.85413764892145,39.47561238380749,53.486882178000336,0.8191275377065041
2,GRU,season,12,autoformer_same,step_5,2.9700696439926615,4.019964114086215,67.60870186814998,42.5993034018519,57.657788177392455,0.7898410663080002
2,GRU,season,12,autoformer_same,step_6,3.2629546138027883,4.386630050425517,71.64882780158645,46.79684009626706,62.91242750662798,0.7497682457039145
2,DLinear,trend,12,autoformer_same,step_1,0.8068247941124004,1.0689155777097428,14.928500748160065,6.574804111564332,8.710577580137786,0.9780488726775408
2,DLinear,trend,12,autoformer_same,step_2,0.8822479289258154,1.232104367988489,16.192961852732648,7.1871862429880915,10.037272462758372,0.9708774290520958
2,DLinear,trend,12,autoformer_same,step_3,1.1155988911968164,1.5699507857496984,19.98200065519696,9.085298642296356,12.785482930752174,0.9527873296944409
2,DLinear,trend,12,autoformer_same,step_4,1.336673951510436,1.9378076129822077,22.921341342331267,10.882380483430081,15.776441224091167,0.9281753753624044
2,DLinear,trend,12,autoformer_same,step_5,1.5125391166090452,2.229638211446132,25.867198810445675,12.310959166031783,18.147618425989382,0.9050316645843316
2,DLinear,trend,12,autoformer_same,step_6,1.8366998020492407,2.7031618413591576,29.743898518849832,14.946202772182627,21.99706325175123,0.860538153627866
2,DLinear,season,12,autoformer_same,step_1,2.167325483471997,2.8620414130002443,55.00259233507625,31.077274756666316,41.03879887207126,0.8934910044724632
2,DLinear,season,12,autoformer_same,step_2,2.4234452396077883,3.231922031515658,57.73673357816509,34.75209041823123,46.34560283294547,0.8641665274115037
2,DLinear,season,12,autoformer_same,step_3,2.3548268354623985,3.168585468505581,56.956872687428685,33.764869201614864,45.43300464852692,0.8694556616658772
2,DLinear,season,12,autoformer_same,step_4,2.414143662678869,3.22866122618677,57.90765075831216,34.622725126807616,46.304217873436684,0.8644439233770974
2,DLinear,season,12,autoformer_same,step_5,2.5875865869155015,3.442402673735979,60.38272896453483,37.11340113439044,49.37390448040744,0.8458914108043565
2,DLinear,season,12,autoformer_same,step_6,2.7653338412970982,3.693323164119861,63.110201980706236,39.660032363477335,52.969118241165866,0.8226157640919969
2,TCN,trend,12,autoformer_same,step_1,0.5253852594017333,0.657781189020269,12.756642028496183,4.281357227587361,5.36024939405662,0.9916874759400477
2,TCN,trend,12,autoformer_same,step_2,0.7301821413699112,0.9312207503660602,15.396464978048897,5.948390321209461,7.586140133289235,0.9833643410939192
2,TCN,trend,12,autoformer_same,step_3,0.9409741817728725,1.2396599661971721,19.416677428347697,7.663176723782494,10.095635787832723,0.9705631293243661
2,TCN,trend,12,autoformer_same,step_4,1.0650879116796554,1.4854879705315005,22.28512507483149,8.671293317343808,12.093932080346239,0.9577924320851234
2,TCN,trend,12,autoformer_same,step_5,1.309083703802587,1.8464463736344472,25.920525250817043,10.654981312854808,15.028718139449296,0.9348696478459858
2,TCN,trend,12,autoformer_same,step_6,1.5476243725659657,2.191053719585543,29.380833465777318,12.59384231529563,17.829767541211858,0.9083742873639364
2,TCN,season,12,autoformer_same,step_1,2.1150205510267654,2.764258390384298,53.17508711737513,30.32727445946807,39.63668855318795,0.9006445408474129
2,TCN,season,12,autoformer_same,step_2,2.44698123217581,3.162294789935143,58.67130250027572,35.08959544142666,45.34715161624616,0.8699561679720036
2,TCN,season,12,autoformer_same,step_3,2.4563012483659055,3.1471521068459363,60.800188525032354,35.219868026751314,45.12568075602182,0.8712157787470596
2,TCN,season,12,autoformer_same,step_4,2.4608560280543506,3.155985806214632,60.13681719264603,35.29265600599302,45.26193494417196,0.8704778285022083
2,TCN,season,12,autoformer_same,step_5,2.4950823735562793,3.2515091179424203,59.99584693209605,35.78662583172724,46.63594466484422,0.8625092578284344
2,TCN,season,12,autoformer_same,step_6,2.652163548384826,3.453357254138967,63.108711241431756,38.03695980259635,49.527561113668746,0.8449172763367289
2,GRU,trend,24,autoformer_same,step_1,0.1614997256220433,0.21005423364174924,1.5418202613827503,1.3385931311970019,1.7410378249849694,0.9979247218169689
2,GRU,trend,24,autoformer_same,step_2,0.27579633329521147,0.38493626547201154,2.615005987237114,2.2853770556293638,3.1897611748508927,0.9930425458036423
2,GRU,trend,24,autoformer_same,step_3,0.40247501602821184,0.577632200771363,3.730838626838165,3.3342507313599397,4.785316731891864,0.9843595756243344
2,GRU,trend,24,autoformer_same,step_4,0.5291504836396167,0.7752075699044056,4.893877501476647,4.3825197949328345,6.420408454739512,0.9718792385615481
2,GRU,trend,24,autoformer_same,step_5,0.648867036297656,0.9692270525224601,5.9141327069479726,5.372562003772782,8.025114103632923,0.9561206939849299
2,GRU,trend,24,autoformer_same,step_6,0.7699360166463936,1.1553256699003418,6.962935039152364,6.373293224124888,9.563429291653431,0.9377655886155944
2,GRU,season,24,autoformer_same,step_1,2.286499622363472,3.0628876649722416,48.10163389667728,24.565506947213684,32.90679753234803,0.9320933362899378
2,GRU,season,24,autoformer_same,step_2,2.645465276204915,3.4721622817700246,55.86361460742594,28.420987167828482,37.30242462209093,0.9127393605879415
2,GRU,season,24,autoformer_same,step_3,2.7460014291326953,3.5687365472438866,59.32558893713106,29.496365455225025,38.333827867010356,0.9078412905782072
2,GRU,season,24,autoformer_same,step_4,2.8213495319328024,3.667980501044863,61.57462440364423,30.30869086898884,39.4037229070335,0.9026350958657329
2,GRU,season,24,autoformer_same,step_5,2.9325314976143555,3.813023474250868,62.94548920731455,31.5114412756968,40.97274061059333,0.8947620255059288
2,GRU,season,24,autoformer_same,step_6,2.9561785462531573,3.8669983998374606,62.33490091425949,31.76984055991295,41.558352273608186,0.8917510480539325
2,DLinear,trend,24,autoformer_same,step_1,0.32407501901973756,0.478839595234259,2.8786511780417285,2.6861011235869743,3.9688695293101683,0.9892156604801502
2,DLinear,trend,24,autoformer_same,step_2,0.4449542462825775,0.6724700121071143,3.9244449002085555,3.6870984219017378,5.572399714639893,0.9787666487867739
2,DLinear,trend,24,autoformer_same,step_3,0.602879261761381,0.9071277125846889,5.313122474362235,4.994473046517555,7.5149782425521465,0.961427071586369
2,DLinear,trend,24,autoformer_same,step_4,0.7285234198758477,1.0432228107346662,6.5341894144179316,6.0337624312794444,8.640158860992443,0.9490733375011557
2,DLinear,trend,24,autoformer_same,step_5,0.8379145897271341,1.266417050156023,7.286240440998651,6.937859122665873,10.485820947566658,0.9250861368530374
2,DLinear,trend,24,autoformer_same,step_6,0.9490842914633584,1.3964329546171124,8.283476033007991,7.856227469723375,11.559240974163945,0.9090794783189895
2,DLinear,season,24,autoformer_same,step_1,2.506117096079961,3.2648818770273444,54.52945509840602,26.925015133239672,35.076966133312276,0.9228412465765284
2,DLinear,season,24,autoformer_same,step_2,2.9913884209423456,3.9007369625833346,62.09265721453869,32.13733806688139,41.90672402650282,0.8898684650457201
2,DLinear,season,24,autoformer_same,step_3,3.0703542444912353,4.030369880823957,62.62883983428685,32.980423794287276,43.29249391390565,0.8824568793255195
2,DLinear,season,24,autoformer_same,step_4,3.035871837918469,3.9846600327306985,62.29061436763691,32.61322286087147,42.80569096911103,0.8850971101600272
2,DLinear,season,24,autoformer_same,step_5,3.061129497048042,4.020916776004242,62.355396677194875,32.89328774882874,43.206652461632814,0.8829736415042477
2,DLinear,season,24,autoformer_same,step_6,3.1231822678029793,4.093796867236536,63.46250402332176,33.56461767622573,43.99573900841557,0.8786811474130604
2,TCN,trend,24,autoformer_same,step_1,0.23923335851807342,0.2946576824488444,2.161780938782688,1.9828896255522401,2.442274843366379,0.9959163456100607
2,TCN,trend,24,autoformer_same,step_2,0.3456770747638585,0.451325116951636,3.1539099806758486,2.86444147347232,3.739890117970817,0.9904357326954121
2,TCN,trend,24,autoformer_same,step_3,0.44401794005381434,0.6188820209655854,3.9888784678446485,3.678407559234906,5.127045351763378,0.9820459895234023
2,TCN,trend,24,autoformer_same,step_4,0.5330194965527769,0.7887843000616191,4.696812330832607,4.414563658073898,6.53285337462057,0.9708856176027336
2,TCN,trend,24,autoformer_same,step_5,0.6109169338617408,0.9410045465758246,5.348544867155316,5.058338492666646,7.79143425542526,0.9586388944136697
2,TCN,trend,24,autoformer_same,step_6,0.7007439596611157,1.1012287358051507,6.068425399784545,5.800542685881055,9.115631568818083,0.9434572650349262
2,TCN,season,24,autoformer_same,step_1,2.2005214383263687,2.9104068153336358,46.16595977528622,23.64178159138394,31.26858647289559,0.9386862817824114
2,TCN,season,24,autoformer_same,step_2,2.558299117704321,3.326088540763985,53.11538653466237,27.484536293006112,35.73311297391332,0.9199270234242566
2,TCN,season,24,autoformer_same,step_3,2.657785260250724,3.4390477468006697,55.62705787327226,28.548785337896277,36.94076674113129,0.9144177266991859
2,TCN,season,24,autoformer_same,step_4,2.6688778951291234,3.4579340697307477,56.81803480513356,28.670745745966236,37.14727378611942,0.9134669879044689
2,TCN,season,24,autoformer_same,step_5,2.7326907332195938,3.5174892346293336,57.67723029137112,29.364057516361637,37.79708543214178,0.9104430949408763
2,TCN,season,24,autoformer_same,step_6,2.7964124170568794,3.6143510533820904,58.81963086931074,30.052845333804733,38.84316950409218,0.9054337037221061
2,GRU,trend,48,autoformer_same,step_1,0.181246403277966,0.2565802275624618,1.4556438155604257,1.5014913275882058,2.1255757225605216,0.9964796131042801
2,GRU,trend,48,autoformer_same,step_2,0.22397387995008836,0.3074989529028678,1.873332125905043,1.8551161108937335,2.5469318766304054,0.9949494483783
2,GRU,trend,48,autoformer_same,step_3,0.27298768557477415,0.3837717423380721,2.4263536967120145,2.2606838257082513,3.178115880990743,0.9921415178977341
2,GRU,trend,48,autoformer_same,step_4,0.344734424561785,0.49859132307235315,3.0302087150212653,2.854339078999548,4.128246205474613,0.9867492736457008
2,GRU,trend,48,autoformer_same,step_5,0.41191171318815467,0.603703039550294,3.6050009470010655,3.4099649096601654,4.997687476317708,0.9805929585164959
2,GRU,trend,48,autoformer_same,step_6,0.4837102158027783,0.7144971514007817,4.232680474217802,4.0036451032525475,5.913856460610818,0.9728437538514226
2,GRU,season,48,autoformer_same,step_1,2.617510020661859,3.519312094121867,50.96795367103063,28.00088424681985,37.64793229412651,0.9120365334959232
2,GRU,season,48,autoformer_same,step_2,3.109220981484054,4.1496939792121275,59.471122685147115,33.256904604323445,44.38602558913329,0.8777315652853056
2,GRU,season,48,autoformer_same,step_3,3.1957062983525217,4.258048024057007,60.75924249654413,34.17317876648222,45.53328972736779,0.8713205197745719
2,GRU,season,48,autoformer_same,step_4,3.2182177978697837,4.280202928057733,60.852223382288095,34.41329577777122,45.76939252004421,0.869980560241626
2,GRU,season,48,autoformer_same,step_5,3.2624262594562534,4.30056680584036,62.08106612025159,34.89070383715673,45.99331135119686,0.8687246069277228
2,GRU,season,48,autoformer_same,step_6,3.33685229503746,4.348517922722872,63.948483040234386,35.69347440143469,46.51500361327101,0.8657682376283997
2,DLinear,trend,48,autoformer_same,step_1,0.2606200913065358,0.3738839274555413,2.3354890814280194,2.1590431579040454,3.097349342952047,0.9925248895180047
2,DLinear,trend,48,autoformer_same,step_2,0.3283384309003228,0.48313710137702753,2.9190928453550447,2.719539944231418,4.001695851851114,0.9875321286983252
2,DLinear,trend,48,autoformer_same,step_3,0.4062196803197526,0.5756066446088547,3.6521832488372508,3.364013505040321,4.76675173448203,0.9823215461969499
2,DLinear,trend,48,autoformer_same,step_4,0.5127627090142485,0.759267985107089,4.450679972501899,4.245583075880865,6.286601939123276,0.9692715659442717
2,DLinear,trend,48,autoformer_same,step_5,0.5108462611311361,0.7167500505634934,4.613387019896418,4.228983466397724,5.933534398004027,0.9726442847923559
2,DLinear,trend,48,autoformer_same,step_6,0.5824083853186223,0.8455776310556734,5.136035239422969,4.820564883262348,6.998802901541021,0.9619656757661846
2,DLinear,season,48,autoformer_same,step_1,2.674688017365569,3.5438910676623414,55.09089343342237,28.6125474131602,37.9108665002904,0.910803564340382
2,DLinear,season,48,autoformer_same,step_2,3.3487198432898477,4.413307687925816,64.54166570737536,35.81863657749364,47.20569491396231,0.8617036798042113
2,DLinear,season,48,autoformer_same,step_3,3.572808890741375,4.723649302078502,65.87554971563108,38.20571276675993,50.51218093991594,0.8416407336636798
2,DLinear,season,48,autoformer_same,step_4,3.6407748253211634,4.807474098781879,66.77837735052357,38.931815306898656,51.40764883242136,0.8359737043436652
2,DLinear,season,48,autoformer_same,step_5,3.6479560537174716,4.811274503265652,67.22166786307426,39.01383331264411,51.45518165750974,0.8356944618268012
2,DLinear,season,48,autoformer_same,step_6,3.6472707164978826,4.802552516651597,67.23922265285557,39.01394261532876,51.371697584057394,0.8362742423942048
2,TCN,trend,48,autoformer_same,step_1,0.18905533196633323,0.25234447329398596,1.4651620717073288,1.5661824800264483,2.09048565920943,0.9965948862940736
2,TCN,trend,48,autoformer_same,step_2,0.19961500311629815,0.26145672498344125,1.87648240134501,1.6533580091556626,2.1655763732960196,0.9963486693251822
2,TCN,trend,48,autoformer_same,step_3,0.2606642349508771,0.3710335645417151,2.2907647990659115,2.1586300446239486,3.0726276423235426,0.992654538648617
2,TCN,trend,48,autoformer_same,step_4,0.36209538748912645,0.5092085133133004,3.117092342233248,2.9980847318903625,4.216154625249965,0.9861789332462014
2,TCN,trend,48,autoformer_same,step_5,0.4125426991989738,0.6018390156098261,3.6765694181952795,3.415188456567162,4.982256364508545,0.9807126178171869
2,TCN,trend,48,autoformer_same,step_6,0.47161108137745605,0.704859489283786,4.160691706746588,3.9035011767589918,5.834086023088375,0.9735714196513784
2,TCN,season,48,autoformer_same,step_1,2.3629272233535645,3.163796045392619,48.18262830117131,25.277477886427523,33.84479015325487,0.9289107831787977
2,TCN,season,48,autoformer_same,step_2,2.846675399401025,3.7866213401846034,54.07407716181171,30.448659892989262,40.50252200373166,0.8981910479256277
2,TCN,season,48,autoformer_same,step_3,2.97262806961574,3.9624124547686574,56.383065369402516,31.787699164222694,42.37192096072433,0.8885686101067274
2,TCN,season,48,autoformer_same,step_4,3.052954665192007,4.060336934758853,58.33201659994081,32.64609124930024,43.41830470522597,0.8829951893290127
2,TCN,season,48,autoformer_same,step_5,3.12488854237899,4.096845792363704,61.61530461009338,33.41977779275281,43.81457435567138,0.8808672506004392
2,TCN,season,48,autoformer_same,step_6,3.157204600833977,4.171620040579608,60.03031214353428,33.77182794921832,44.62277141524397,0.8764672089672787
