client_id,client_name,data_path,start_time,end_time,decomp_mode,smoothing_window,model_name,component,train_samples,test_samples,MAE,RMSE,sMAPE,WAPE,NRMSE_mean_abs,R2,target_abs_mean,target_std,epochs,train_final_loss,split_index,scaler
1,client_1,per_client_merged_1h\client_1_load_weather_1h.csv,2011-06-01 00:00:00,2013-07-31 23:59:59,autoformer_same,6,GRU,trend,14559,3648,2.0173413840631667,3.059579411676718,30.45232803569296,16.099686561763598,24.41741690177406,0.9163462635003052,12.530314651261303,10.57837741765337,40,0.07779962819772514,14612,standard
1,client_1,per_client_merged_1h\client_1_load_weather_1h.csv,2011-06-01 00:00:00,2013-07-31 23:59:59,autoformer_same,6,GRU,season,14559,3648,1.9172756824495167,2.6023827037436766,97.14017143697788,59.79104533343246,81.15636948655191,0.6463576603951775,3.2066267979264547,4.376118123428936,40,0.3006667237363188,14612,standard
1,client_1,per_client_merged_1h\client_1_load_weather_1h.csv,2011-06-01 00:00:00,2013-07-31 23:59:59,autoformer_same,6,DLinear,trend,14559,3648,2.1691677742956816,3.346694034816763,32.59103268018673,17.311359169016747,26.7087767615805,0.8999092591964027,12.530314651261303,10.57837741765337,40,0.12784607757172814,14612,standard
1,client_1,per_client_merged_1h\client_1_load_weather_1h.csv,2011-06-01 00:00:00,2013-07-31 23:59:59,autoformer_same,6,DLinear,season,14559,3648,1.9017990449803641,2.646112718360575,89.77572286994602,59.308399910555686,82.52010788628685,0.6343727063623213,3.2066267979264547,4.376118123428936,40,0.35386809186953766,14612,standard
1,client_1,per_client_merged_1h\client_1_load_weather_1h.csv,2011-06-01 00:00:00,2013-07-31 23:59:59,autoformer_same,6,TCN,trend,14559,3648,2.011448228478409,2.9523893631409055,29.861704134818183,16.052655375805767,23.561971185009355,0.9221050777182622,12.530314651261303,10.57837741765337,40,0.08122468009888942,14612,standard
1,client_1,per_client_merged_1h\client_1_load_weather_1h.csv,2011-06-01 00:00:00,2013-07-31 23:59:59,autoformer_same,6,TCN,season,14559,3648,1.852773534496401,2.532464452863131,93.3274899782029,57.779518828573615,78.97594022295736,0.6651050154080537,3.2066267979264547,4.376118123428936,40,0.29935298779318803,14612,standard
1,client_1,per_client_merged_1h\client_1_load_weather_1h.csv,2011-06-01 00:00:00,2013-07-31 23:59:59,autoformer_same,12,GRU,trend,14559,3648,1.0744735741582616,1.5763812632978673,22.461851973308253,9.99510525903676,14.664013679221616,0.9594575548797569,10.749997586891277,7.829000043780175,40,0.049522734211005635,14612,standard
1,client_1,per_client_merged_1h\client_1_load_weather_1h.csv,2011-06-01 00:00:00,2013-07-31 23:59:59,autoformer_same,12,GRU,season,14559,3648,2.381862761681128,3.209271632030508,64.94213384758723,37.37210603512865,50.35437928652537,0.8472080092362047,6.373370447534249,8.210246238558184,40,0.13106842884155853,14612,standard
1,client_1,per_client_merged_1h\client_1_load_weather_1h.csv,2011-06-01 00:00:00,2013-07-31 23:59:59,autoformer_same,12,DLinear,trend,14559,3648,1.18786881070182,1.7942655424945892,25.704851680281354,11.049944905525171,16.690844449808075,0.9474756311062515,10.749997586891277,7.829000043780175,40,0.07259984529172336,14612,standard
1,client_1,per_client_merged_1h\client_1_load_weather_1h.csv,2011-06-01 00:00:00,2013-07-31 23:59:59,autoformer_same,12,DLinear,season,14559,3648,2.4340324647008966,3.3134092938071533,64.99866073171607,38.190663554244445,51.98832864337534,0.837131233539663,6.373370447534249,8.210246238558184,40,0.15949752082232876,14612,standard
1,client_1,per_client_merged_1h\client_1_load_weather_1h.csv,2011-06-01 00:00:00,2013-07-31 23:59:59,autoformer_same,12,TCN,trend,14559,3648,1.0694786531206992,1.543272101269887,23.175750806702165,9.948640866862087,14.356021433823981,0.9611427179724283,10.749997586891277,7.829000043780175,40,0.04779105011566433,14612,standard
1,client_1,per_client_merged_1h\client_1_load_weather_1h.csv,2011-06-01 00:00:00,2013-07-31 23:59:59,autoformer_same,12,TCN,season,14559,3648,2.3138336343019343,3.1040223762731145,64.14076975983764,36.304709624725035,48.702988705828666,0.8570654161197683,6.373370447534249,8.210246238558184,40,0.13018448326796309,14612,standard
1,client_1,per_client_merged_1h\client_1_load_weather_1h.csv,2011-06-01 00:00:00,2013-07-31 23:59:59,autoformer_same,24,GRU,trend,14559,3648,0.5844438625118363,0.851507962098953,6.407228842515628,5.824416320688495,8.485907194059923,0.9751479086874922,10.034376499379238,5.401411228393941,40,0.031136638002761962,14612,standard
1,client_1,per_client_merged_1h\client_1_load_weather_1h.csv,2011-06-01 00:00:00,2013-07-31 23:59:59,autoformer_same,24,GRU,season,14559,3648,2.908186949113727,3.958889113597129,56.29193223750757,31.559504330482312,42.96166881729298,0.8815394383457708,9.214932270943127,11.502346435949413,40,0.10976666164028505,14612,standard
1,client_1,per_client_merged_1h\client_1_load_weather_1h.csv,2011-06-01 00:00:00,2013-07-31 23:59:59,autoformer_same,24,DLinear,trend,14559,3648,0.6497376055418573,0.9649627358755928,7.525586012556403,6.475116870281816,9.6165680027016,0.9680841364924642,10.034376499379238,5.401411228393941,40,0.04301406445677803,14612,standard
1,client_1,per_client_merged_1h\client_1_load_weather_1h.csv,2011-06-01 00:00:00,2013-07-31 23:59:59,autoformer_same,24,DLinear,season,14559,3648,2.9101368960901772,3.8679885712473907,58.48222349493567,31.58066506090449,41.975220628499585,0.886916959575563,9.214932270943127,11.502346435949413,40,0.12482505388267748,14612,standard
1,client_1,per_client_merged_1h\client_1_load_weather_1h.csv,2011-06-01 00:00:00,2013-07-31 23:59:59,autoformer_same,24,TCN,trend,14559,3648,0.5074141630194864,0.7769357123441974,5.81115812846796,5.056758265434493,7.742739521133838,0.979310229026258,10.034376499379238,5.401411228393941,40,0.02832342723545829,14612,standard
1,client_1,per_client_merged_1h\client_1_load_weather_1h.csv,2011-06-01 00:00:00,2013-07-31 23:59:59,autoformer_same,24,TCN,season,14559,3648,2.648428869095683,3.4987584776755423,53.69765474788403,28.7406221902865,37.96835391861121,0.9074758636626257,9.214932270943127,11.502346435949413,40,0.09659796808478154,14612,standard
1,client_1,per_client_merged_1h\client_1_load_weather_1h.csv,2011-06-01 00:00:00,2013-07-31 23:59:59,autoformer_same,48,GRU,trend,14559,3648,0.3321492814878274,0.476974584961985,4.379427706744896,3.3089135340259963,4.751681217781426,0.991550528546255,10.03801634798796,5.1889617250913105,40,0.01446330461038777,14612,standard
1,client_1,per_client_merged_1h\client_1_load_weather_1h.csv,2011-06-01 00:00:00,2013-07-31 23:59:59,autoformer_same,48,GRU,season,14559,3648,3.2090125254394133,4.2757624470173,58.225242181742395,34.76025965444119,46.31536823312084,0.8643359266760903,9.231842792099306,11.608634627325944,40,0.134946769300304,14612,standard
1,client_1,per_client_merged_1h\client_1_load_weather_1h.csv,2011-06-01 00:00:00,2013-07-31 23:59:59,autoformer_same,48,DLinear,trend,14559,3648,0.4414417875484068,0.6336324019263971,5.06081735060246,4.397699428282771,6.3123262289779145,0.9850887579297116,10.03801634798796,5.1889617250913105,40,0.020555575685609506,14612,standard
1,client_1,per_client_merged_1h\client_1_load_weather_1h.csv,2011-06-01 00:00:00,2013-07-31 23:59:59,autoformer_same,48,DLinear,season,14559,3648,3.3376255091235545,4.477906521998244,61.16090470328606,36.153404951429714,48.505007481067615,0.8512051972936872,9.231842792099306,11.608634627325944,40,0.16855763466351306,14612,standard
1,client_1,per_client_merged_1h\client_1_load_weather_1h.csv,2011-06-01 00:00:00,2013-07-31 23:59:59,autoformer_same,48,TCN,trend,14559,3648,0.3570900798628205,0.536471783506161,3.714501114790508,3.5573769506041013,5.344399844195253,0.9893111044159715,10.03801634798796,5.1889617250913105,40,0.014830522798040148,14612,standard
1,client_1,per_client_merged_1h\client_1_load_weather_1h.csv,2011-06-01 00:00:00,2013-07-31 23:59:59,autoformer_same,48,TCN,season,14559,3648,3.0548075492708278,4.120328613509285,55.71137266629639,33.08990001292095,44.631697700902386,0.8740200522816286,9.231842792099306,11.608634627325944,40,0.12310172206806574,14612,standard
2,client_2,per_client_merged_1h\client_2_load_weather_1h.csv,2011-06-01 00:00:00,2013-07-31 23:59:59,autoformer_same,6,GRU,trend,14559,3648,2.0001756855180197,3.040997647753482,28.393511466484107,14.486356714666584,22.02455205428636,0.9118856743085995,13.807306591355308,10.244548508079285,40,0.07368323686514446,14612,standard
2,client_2,per_client_merged_1h\client_2_load_weather_1h.csv,2011-06-01 00:00:00,2013-07-31 23:59:59,autoformer_same,6,GRU,season,14559,3648,1.9786273280638391,2.68465148342563,84.69124205431666,55.85189874956755,75.78124408781883,0.6580890521189553,3.5426321617286867,4.5912549637052775,40,0.3070583978465842,14612,standard
2,client_2,per_client_merged_1h\client_2_load_weather_1h.csv,2011-06-01 00:00:00,2013-07-31 23:59:59,autoformer_same,6,DLinear,trend,14559,3648,2.198488495458693,3.3905557504514765,30.28030974150947,15.92264560003239,24.556241164456193,0.890464187694327,13.807306591355308,10.244548508079285,40,0.12017746545331918,14612,standard
2,client_2,per_client_merged_1h\client_2_load_weather_1h.csv,2011-06-01 00:00:00,2013-07-31 23:59:59,autoformer_same,6,DLinear,season,14559,3648,1.943929318179396,2.6217188014522863,81.02185584912954,54.872457241108364,74.0048060796951,0.6739310872050417,3.5426321617286867,4.5912549637052775,40,0.3323740613592368,14612,standard
2,client_2,per_client_merged_1h\client_2_load_weather_1h.csv,2011-06-01 00:00:00,2013-07-31 23:59:59,autoformer_same,6,TCN,trend,14559,3648,1.8854532632860397,2.9262817029562433,27.123817167150456,13.655474735820485,21.193717048705246,0.918408180638178,13.807306591355308,10.244548508079285,40,0.07814352267404959,14612,standard
2,client_2,per_client_merged_1h\client_2_load_weather_1h.csv,2011-06-01 00:00:00,2013-07-31 23:59:59,autoformer_same,6,TCN,season,14559,3648,1.874992858990625,2.494971817680127,83.11916443995293,52.926546515953,70.42704405958489,0.7046965866295275,3.5426321617286867,4.5912549637052775,40,0.2950777443025669,14612,standard
2,client_2,per_client_merged_1h\client_2_load_weather_1h.csv,2011-06-01 00:00:00,2013-07-31 23:59:59,autoformer_same,12,GRU,trend,14559,3648,1.147030152174442,1.6248232935811096,22.47955598032588,9.340167727000848,13.230795044309792,0.9494577084741801,12.280616212643636,7.227343101033883,40,0.0528676417836699,14612,standard
2,client_2,per_client_merged_1h\client_2_load_weather_1h.csv,2011-06-01 00:00:00,2013-07-31 23:59:59,autoformer_same,12,GRU,season,14559,3648,2.8176655772506227,3.8232214689707154,64.94599916702742,40.407141451549435,54.82745354572815,0.8099244200440903,6.973187105083169,8.769327591868583,40,0.13181537429876516,14612,standard
2,client_2,per_client_merged_1h\client_2_load_weather_1h.csv,2011-06-01 00:00:00,2013-07-31 23:59:59,autoformer_same,12,DLinear,trend,14559,3648,1.2484307474006255,1.8778922579590707,21.605983654619408,10.165864039547513,15.291513654750736,0.9324875298434114,12.280616212643636,7.227343101033883,40,0.07462935861975653,14612,standard
2,client_2,per_client_merged_1h\client_2_load_weather_1h.csv,2011-06-01 00:00:00,2013-07-31 23:59:59,autoformer_same,12,DLinear,season,14559,3648,2.4521102749056087,3.2810455756003627,58.516130050703886,35.16484267433545,47.05230270797678,0.8600116360968794,6.973187105083169,8.769327591868583,40,0.14130691250333158,14612,standard
2,client_2,per_client_merged_1h\client_2_load_weather_1h.csv,2011-06-01 00:00:00,2013-07-31 23:59:59,autoformer_same,12,TCN,trend,14559,3648,1.019722928432121,1.486234623343191,20.859378037719768,8.30351596997601,12.102279532115233,0.9577119748367201,12.280616212643636,7.227343101033883,40,0.046630333262632016,14612,standard
2,client_2,per_client_merged_1h\client_2_load_weather_1h.csv,2011-06-01 00:00:00,2013-07-31 23:59:59,autoformer_same,12,TCN,season,14559,3648,2.4377341635939893,3.1623839490878525,59.31465891814284,34.958679967170376,45.350618704557874,0.8699541175952201,6.973187105083169,8.769327591868583,40,0.13205069248704057,14612,standard
2,client_2,per_client_merged_1h\client_2_load_weather_1h.csv,2011-06-01 00:00:00,2013-07-31 23:59:59,autoformer_same,24,GRU,trend,14559,3648,0.4646207685881888,0.7528925253340693,4.2764350205058355,3.8485408987483782,6.236349367070208,0.9734535970986608,12.072647291796597,4.620938034239865,40,0.030680744360345055,14612,standard
2,client_2,per_client_merged_1h\client_2_load_weather_1h.csv,2011-06-01 00:00:00,2013-07-31 23:59:59,autoformer_same,24,GRU,season,14559,3648,2.731337650583566,3.5851540622033413,58.35764199440875,29.345307519017922,38.51864932665337,0.9069703815062032,9.307578899284158,11.754311697942333,40,0.0941173384274802,14612,standard
2,client_2,per_client_merged_1h\client_2_load_weather_1h.csv,2011-06-01 00:00:00,2013-07-31 23:59:59,autoformer_same,24,DLinear,trend,14559,3648,0.6479051380216727,1.012137584240262,5.7033540735061825,5.366719679282558,8.383724596102189,0.952024576784103,12.072647291796597,4.620938034239865,40,0.04998627274786348,14612,standard
2,client_2,per_client_merged_1h\client_2_load_weather_1h.csv,2011-06-01 00:00:00,2013-07-31 23:59:59,autoformer_same,24,DLinear,season,14559,3648,2.964673894047172,3.892804130372,61.22657786923086,31.852256382813277,41.82402055631447,0.8903191774751357,9.307578899284158,11.754311697942333,40,0.11433808200941022,14612,standard
2,client_2,per_client_merged_1h\client_2_load_weather_1h.csv,2011-06-01 00:00:00,2013-07-31 23:59:59,autoformer_same,24,TCN,trend,14559,3648,0.47893479390189664,0.7520978908088872,4.23639199751261,3.967106652950276,6.22976726092435,0.9735096039135607,12.072647291796597,4.620938034239865,40,0.030137491729042672,14612,standard
2,client_2,per_client_merged_1h\client_2_load_weather_1h.csv,2011-06-01 00:00:00,2013-07-31 23:59:59,autoformer_same,24,TCN,season,14559,3648,2.602431143614502,3.385113348666946,54.70388335817271,27.960344701476338,36.36942562187721,0.917062292900423,9.307578899284158,11.754311697942333,40,0.09497340601130791,14612,standard
2,client_2,per_client_merged_1h\client_2_load_weather_1h.csv,2011-06-01 00:00:00,2013-07-31 23:59:59,autoformer_same,48,GRU,trend,14559,3648,0.31976072039259107,0.48840328558045476,2.770536629069602,2.647800421126833,4.04425633196277,0.98727836885321,12.076466105224794,4.330192237607505,40,0.013879242722817327,14612,standard
2,client_2,per_client_merged_1h\client_2_load_weather_1h.csv,2011-06-01 00:00:00,2013-07-31 23:59:59,autoformer_same,48,GRU,season,14559,3648,3.1233222754769887,4.152531573093085,59.68001523258265,33.40494558846402,44.41266836513667,0.8775902233919999,9.349879846953941,11.868747498239731,40,0.12427122328228017,14612,standard
2,client_2,per_client_merged_1h\client_2_load_weather_1h.csv,2011-06-01 00:00:00,2013-07-31 23:59:59,autoformer_same,48,DLinear,trend,14559,3648,0.43353259299843633,0.6467551955193344,3.8511445679069336,3.589896160179107,5.355499997507719,0.9776917502450517,12.076466105224794,4.330192237607505,40,0.022591389962463387,14612,standard
2,client_2,per_client_merged_1h\client_2_load_weather_1h.csv,2011-06-01 00:00:00,2013-07-31 23:59:59,autoformer_same,48,DLinear,season,14559,3648,3.4220363911555514,4.540080608833176,64.45789612048037,36.59979002033573,48.557630660205376,0.8536753996848131,9.349879846953941,11.868747498239731,40,0.1544871266016029,14612,standard
2,client_2,per_client_merged_1h\client_2_load_weather_1h.csv,2011-06-01 00:00:00,2013-07-31 23:59:59,autoformer_same,48,TCN,trend,14559,3648,0.3159306230165108,0.48097707302115117,2.764460456548894,2.616085038972043,3.982763078227241,0.9876622945997117,12.076466105224794,4.330192237607505,40,0.013247386970685785,14612,standard
2,client_2,per_client_merged_1h\client_2_load_weather_1h.csv,2011-06-01 00:00:00,2013-07-31 23:59:59,autoformer_same,48,TCN,season,14559,3648,2.919546416795884,3.888481157762195,56.436234030992324,31.225496632801807,41.588563762596046,0.8926628112335364,9.349879846953941,11.868747498239731,40,0.11540932530907372,14612,standard
