round,selected_clients,avg_local_train_loss,avg_local_val_loss,avg_local_train_task_loss,avg_local_train_rc_loss,avg_local_train_weighted_rc_loss,avg_local_train_total_loss,avg_local_train_rc_to_task_ratio,round_rc_to_task_ratio,global_rc_norm,avg_client_rc_rg_l2_norm,min_client_rc_rg_l2_norm,max_client_rc_rg_l2_norm,avg_personalized_head_ratio,avg_num_personalized_head_params,avg_num_head_params,avg_head_importance_mean,regional_val_loss,regional_val_MAE,regional_val_MSE,regional_val_RMSE,regional_val_MAPE_percent,regional_val_R2,avg_client_val_MAE,avg_client_val_MSE,avg_client_val_RMSE,avg_client_val_R2,regional_val_samples
1,9,0.004119023465468954,0.0015045264383349974,0.004119023465468954,0.0,0.0,0.004119023465468954,0.0,0.0,1.179780125617981,0.3020291245645947,0.16180111467838287,0.7674554586410522,0.0,0.0,353.0,0.0,0.002303545050527825,9.96513557434082,202.18113708496094,14.219041356046509,11.656569689512253,0.768844485282898,1.489827659395006,4.533071915308635,2.088813507982183,0.6528039044804044,5211
2,9,0.001542332784828832,0.0010682178715231186,0.001542332784828832,0.00013146994892537903,0.00013146994892537903,0.0016738027331516855,0.08566179167953118,0.08524097401892977,1.1794180870056152,0.02114269758264224,0.009387410245835781,0.05093054845929146,0.0,0.0,353.0,0.0,0.0010470090592588726,5.207633018493652,51.8138542175293,7.198184091667099,6.883705407381058,0.9407607316970825,1.067828529410892,2.1130860646565757,1.4209976455215132,0.8417008519172668,5211
3,9,0.001259831466040582,0.001005564661375404,0.001259831466040582,8.70515749279756e-05,8.70515749279756e-05,0.0013468830406138722,0.0689301037292999,0.0690977937965503,1.1764159202575684,0.023917762873073418,0.008945971727371216,0.0493658147752285,0.0,0.0,353.0,0.0,0.0008994184971837216,4.241347789764404,35.16273880004883,5.929817771234529,5.495865643024445,0.9597980976104736,0.9775200817320082,1.784562799665663,1.3121213281719184,0.8625794980261061,5211
4,9,0.0011606674414125929,0.0008553491496860261,0.0011606674414125929,6.961625691802739e-05,6.961625691802739e-05,0.0012302836977942978,0.06009124544569902,0.05997950349440427,1.1767412424087524,0.015151596214208338,0.008052839897572994,0.03231338411569595,0.0,0.0,353.0,0.0,0.0008524415346343709,3.9987308979034424,31.02295684814453,5.569825567120081,5.1949139684438705,0.9645311832427979,0.9562150239944458,1.6874746812714472,1.2769559576805662,0.8693960573938158,5211
5,9,0.001107813818555786,0.0008675199772835004,0.001107813818555786,6.251373204850798e-05,6.251373204850798e-05,0.0011703275507764829,0.055455911479708825,0.05642981784933402,1.1745489835739136,0.015222653177463345,0.007784685585647821,0.024799635633826256,0.0,0.0,353.0,0.0,0.0008556414540162164,4.071018695831299,32.0063362121582,5.6574142690948666,5.196156725287437,0.9634068608283997,0.9474180605676439,1.6812649965286255,1.276168645127073,0.8684969941775004,5211
6,9,0.001078306390101533,0.0008541957698706367,0.001078306390101533,5.6024900878576095e-05,5.6024900878576095e-05,0.0011343312902378268,0.052349188900162144,0.051956383956274645,1.1737167835235596,0.014885161072015762,0.00791931338608265,0.022427672520279884,0.0,0.0,353.0,0.0,0.0008434441761881585,4.432668209075928,34.16902160644531,5.845427410074075,5.963052809238434,0.9609342813491821,0.9791002670923868,1.6857299076186285,1.2735239348102534,0.8714470598432753,5211
7,9,0.0010179769666239325,0.0007737126150760645,0.0010179769666239325,4.5641897371194136e-05,4.5641897371194136e-05,0.0010636188621408185,0.046045745280906804,0.04483588413373166,1.1722137928009033,0.014368937454289861,0.0046188849955797195,0.024182535707950592,0.0,0.0,353.0,0.0,0.0008009847718305114,3.7913804054260254,26.797327041625977,5.176613472302716,5.005369335412979,0.9693623781204224,0.9377583397759331,1.5865991049342685,1.2381487161761529,0.8774893681208292,5211
8,9,0.0010071852813578006,0.0007797351926843282,0.0010071852813578006,4.3615962516340375e-05,4.3615962516340375e-05,0.001050801243678414,0.04375973673022565,0.043304805263075605,1.17422616481781,0.016695532482117414,0.006666377652436495,0.02634374424815178,0.0,0.0,353.0,0.0,0.0007929321282293219,3.9048798084259033,27.72124481201172,5.265096847353496,5.1745980978012085,0.9683060646057129,0.93948585457272,1.5755708151393466,1.233087385093837,0.8784961369302537,5211
9,9,0.0009818929036940164,0.0008320456096883743,0.0009818929036940164,3.718950341635763e-05,3.718950341635763e-05,0.001019082406507515,0.03868114362570907,0.037875315361349776,1.1758060455322266,0.014906590183575949,0.007077982183545828,0.026836423203349113,0.0,0.0,353.0,0.0,0.0008132170012887463,4.300051212310791,31.222318649291992,5.587693499941813,5.886436253786087,0.9643032550811768,0.9669622447755601,1.6230937441190083,1.2497582838845573,0.8763729135195414,5211
10,9,0.0009488146023691835,0.0007751068087805267,0.0009488146023691835,3.325318291939917e-05,3.325318291939917e-05,0.000982067784793559,0.03594165702020059,0.035047081696802644,1.1749591827392578,0.013401627644068666,0.004859521519392729,0.02538355067372322,0.0,0.0,353.0,0.0,0.0007745354590481077,3.656202793121338,24.759639739990234,4.9759059215373265,4.816992208361626,0.9716920852661133,0.9250584642092387,1.5323273407088385,1.2171382571051632,0.8812170889642503,5211
11,9,0.0009446229896764387,0.0007785304582667962,0.0009446229896764387,3.173002887941597e-05,3.173002887941597e-05,0.0009763530188798713,0.034024886800880755,0.03359015098361548,1.1742528676986694,0.015365768017040359,0.005100231617689133,0.025441136211156845,0.0,0.0,353.0,0.0,0.0007630295483900894,3.502790927886963,23.16472816467285,4.812974980682203,4.553709924221039,0.9735155701637268,0.9059234725104438,1.4989444017410278,1.2055281451183733,0.8822943170865377,5211
12,9,0.0009329202218071551,0.000751524811944011,0.0009329202218071551,3.067502360755879e-05,3.067502360755879e-05,0.0009635952456126455,0.03295250347755121,0.03288065030390027,1.175904631614685,0.013754846424692206,0.00588012021034956,0.022113388404250145,0.0,0.0,353.0,0.0,0.0007539019984477991,3.4792728424072266,22.67926025390625,4.762274693243372,4.538670554757118,0.9740706086158752,0.9105732242266337,1.4872943030463324,1.1999464495462744,0.884131027592553,5211
13,9,0.0009160018464157396,0.000756480596349944,0.0009160018464157396,2.8208368195532824e-05,2.8208368195532824e-05,0.0009442102147917069,0.031170023505234748,0.030795099677053468,1.1742675304412842,0.01370292477723625,0.009174100123345852,0.028811661526560783,0.0,0.0,353.0,0.0,0.0007530600850787209,3.604367256164551,23.963804244995117,4.895283877876248,4.703695327043533,0.9726019501686096,0.9129442705048455,1.4901363253593445,1.2003227021570668,0.8843084441290961,5211
14,9,0.0009093499527840872,0.0008027890851315636,0.0009093499527840872,2.7587746157997113e-05,2.7587746157997113e-05,0.0009369376979128107,0.031160338479312044,0.03033787602143261,1.1732195615768433,0.012388014803744025,0.005715231876820326,0.023201504722237587,0.0,0.0,353.0,0.0,0.0007586305008179036,3.738787889480591,24.495676040649414,4.949310663178198,5.013683065772057,0.9719938635826111,0.9255248705546061,1.5060806738005743,1.2055366668854848,0.8842872182528178,5211
15,9,0.0008945097438911827,0.0008066483669223771,0.0008945097438911827,2.5868751195768265e-05,2.5868751195768265e-05,0.0009203784941308364,0.029909106880164286,0.028919473872154634,1.1736727952957153,0.016232253931876685,0.007690662983804941,0.027141982689499855,0.0,0.0,353.0,0.0,0.000738826082807833,3.416928291320801,21.486528396606445,4.635356339765741,4.462748020887375,0.9754342436790466,0.894041485256619,1.450533734427558,1.1861337385548776,0.8861734800868564,5211
16,9,0.0008990757702365253,0.0007493315354615298,0.0008990757702365253,2.5895073201726648e-05,2.5895073201726648e-05,0.0009249708427118893,0.02938327432283835,0.028801880809347574,1.1742770671844482,0.01225344060609738,0.00549167487770319,0.018529927358031273,0.0,0.0,353.0,0.0,0.0007348709943962342,3.399867057800293,21.104198455810547,4.593930610687383,4.425361752510071,0.9758713841438293,0.8939868476655748,1.4448645247353449,1.183480849326354,0.8870029780599806,5211
17,9,0.0008876414422793894,0.0007435292860656257,0.0008876414422793894,2.5111454407593243e-05,2.5111454407593243e-05,0.0009127528963372351,0.02885194284141383,0.02829008784765505,1.1734340190887451,0.011151920952316787,0.00727014010772109,0.027128662914037704,0.0,0.0,353.0,0.0,0.0007438535093359912,3.732208490371704,24.603378295898438,4.960179260460094,4.98763807117939,0.9718707203865051,0.9150238898065355,1.4720789591471355,1.1930129456676302,0.8861662480566237,5211
18,9,0.0008813686842387859,0.0008202619670009209,0.0008813686842387859,2.404001251448782e-05,2.404001251448782e-05,0.0009054086964383544,0.02834721139303849,0.027275773370567108,1.1721088886260986,0.015269672860287957,0.006035581696778536,0.032127201557159424,0.0,0.0,353.0,0.0,0.0007273666757325217,3.4640116691589355,21.327314376831055,4.618150536397775,4.575369879603386,0.9756162762641907,0.8944036629464891,1.430075208346049,1.1775464207541766,0.8882907960149977,5211
19,9,0.0008742073868123182,0.0006882746485978194,0.0008742073868123182,2.370557494679367e-05,2.370557494679367e-05,0.0008979129621844071,0.027828229555861575,0.027116649066666287,1.1705297231674194,0.00921446592029598,0.005241043400019407,0.012788224034011364,0.0,0.0,353.0,0.0,0.0007188413404342717,3.3475022315979004,20.62108612060547,4.541044606762354,4.371031001210213,0.9764237403869629,0.8824691706233554,1.4075658718744914,1.169324678990809,0.8889505796962314,5211
20,9,0.0008661854530417827,0.0007103825435395704,0.0008661854530417827,2.1882198240190124e-05,2.1882198240190124e-05,0.0008880676505160298,0.026047607547990386,0.0252627172830988,1.1696962118148804,0.011334812527315484,0.006626020185649395,0.019453302025794983,0.0,0.0,353.0,0.0,0.0007495455030984227,4.0097246170043945,26.099279403686523,5.108745384503569,5.52712045609951,0.9701604843139648,0.9281448456976149,1.4884615739186604,1.1984165822846735,0.8857875135209825,5211
