round,client_id,client_name,tau,head_prefixes,head_exact_names,num_head_params,num_selected_params,selected_ratio,mask_jaccard_with_prev_round,mask_hamming_change_rate,use_head_importance_ema,head_importance_ema_beta,selected_importance_mean,unselected_importance_mean,selected_importance_median,unselected_importance_median,selected_importance_min,selected_importance_max,unselected_importance_min,unselected_importance_max,importance_threshold,importance_gap_mean_ratio,importance_gap_median_ratio,importance_gap_boundary_ratio,importance_selected_total,importance_unselected_total,importance_selected_share,importance_top10_mean,importance_bottom10_mean
6,1,client_1,0.1,fc1,,336,34,0.10119047619047619,,,True,0.3,1.0019673020585341e-05,8.890952051765836e-08,2.9289448093550163e-06,4.6636410662090344e-11,7.862389566071215e-07,0.00014788334374316037,0.0,7.77108994043374e-07,7.862389566071215e-07,112.69389676551664,61485.42194187413,1.0117473235883232,0.0003406688920222223,2.6850675567402504e-05,0.9269408247554182,1.0019673027272802e-05,0.0
6,2,client_2,0.1,fc1,,336,34,0.10119047619047619,,,True,0.3,3.0229674974477533e-06,6.56129602643264e-09,4.179420614036644e-07,2.2911030169402158e-12,6.525258555711844e-08,7.646075391676277e-05,0.0,5.931087088129061e-08,6.525258555711844e-08,460.6569842737013,126991.4856060115,1.1001606354268918,0.00010278089030180126,1.98151155927917e-06,0.9810856518639923,3.0229675758164376e-06,0.0
6,3,client_3,0.1,fc1,,336,34,0.10119047619047619,,,True,0.3,5.341081219131304e-06,5.1548942781052385e-08,8.010935346192127e-07,1.8500182635827755e-10,4.2340170125498844e-07,0.00013826304348185658,0.0,4.2006942635453015e-07,4.2340170125498844e-07,103.60983797433938,4306.912197067048,1.007930277142735,0.00018159675528295338,1.5567780792480335e-05,0.9210416740079165,5.341081305232365e-06,0.0
6,4,client_4,0.1,fc1,,336,34,0.10119047619047619,,,True,0.3,4.7718793150111466e-06,1.239004016542746e-08,1.1451449495325505e-06,6.370022564983202e-12,1.956601067831798e-07,8.803262608125806e-05,0.0,1.873551411790686e-07,1.956601067831798e-07,385.1072429193864,155378.75758663443,1.0443218223424795,0.0001622439012862742,3.741792170330882e-06,0.9774571345887333,4.771879048348637e-06,0.0
6,5,client_5,0.1,fc1,,336,34,0.10119047619047619,,,True,0.3,5.035581033459547e-06,6.99523534727272e-08,1.1616714914453041e-06,6.948933008871228e-11,5.870289214726654e-07,8.129280467983335e-05,0.0,5.614647875518131e-07,5.870289214726654e-07,71.98484109018128,16480.104009831226,1.0455292815477084,0.0001712097437120974,2.1125608327565715e-05,0.8901626300433222,5.0355806706647854e-06,0.0
6,6,client_6,0.1,fc1,,336,34,0.10119047619047619,,,True,0.3,1.7833528866450411e-06,2.735868731180204e-08,6.480265426489495e-07,5.1610375695343436e-11,2.384731487836689e-07,2.440888601995539e-05,0.0,2.2244192621201364e-07,2.384731487836689e-07,65.18177149911224,12317.466546932616,1.0720644294904509,6.0633996326942e-05,8.262323717644904e-06,0.880075966432259,1.7833527863331256e-06,0.0
6,7,client_7,0.1,fc1,,336,34,0.10119047619047619,,,True,0.3,4.258419700838257e-06,1.2892998046932236e-08,5.197573500481667e-07,9.515158626294262e-12,1.585673743420557e-07,0.00010262656724080443,0.0,1.573340995264516e-07,1.585673743420557e-07,330.26371536107285,49429.33991965263,1.007832167261552,0.00014478627417702228,3.893685061484575e-06,0.9738116283106448,4.258419721736573e-06,0.0
6,8,client_8,0.1,fc1,,336,34,0.10119047619047619,,,True,0.3,2.2021042733613555e-06,2.5780565523170732e-08,3.596529865035336e-07,1.1540260413944736e-10,2.180061642320652e-07,5.5321299441857263e-05,0.0,1.9901327164006943e-07,2.180061642320652e-07,85.41390829747141,3089.733165013031,1.0954298022723912,7.487153925467283e-05,7.785731213516556e-06,0.9058070503027325,2.202104042225983e-06,0.0
6,9,client_9,0.1,fc1,,336,34,0.10119047619047619,,,True,0.3,6.470433239555592e-06,2.0423510871340252e-08,8.721379458620504e-07,1.1215337686332205e-11,2.48657528345575e-07,5.6722445151535794e-05,0.0,2.406912926744553e-07,2.48657528345575e-07,316.7974636119647,71396.95751824278,1.0330930233893818,0.00021999471937306225,6.1679002101300284e-06,0.9727280255498224,6.470432708738372e-06,0.0
7,1,client_1,0.1,fc1,,336,34,0.10119047619047619,0.8888888888888888,0.011904762126505375,True,0.3,1.3230035437693326e-05,8.289390701853493e-08,4.610398264048854e-06,2.477764521335857e-10,8.627091006019327e-07,0.00016103686357382685,0.0,8.463282483717194e-07,8.627091006019327e-07,159.6000998557746,18532.293649614414,1.0193539952231676,0.00044982117833569646,2.5033958081621677e-05,0.9472808502867244,1.3230034710431937e-05,0.0
7,2,client_2,0.1,fc1,,336,34,0.10119047619047619,0.7894736842105263,0.02380952425301075,True,0.3,3.378997327901596e-06,9.820138483307529e-09,5.975729777674132e-07,9.393488157455332e-12,1.0945906581127929e-07,6.80153607390821e-05,0.0,1.0558760976664416e-07,1.0945906581127929e-07,344.05352634470023,57494.93997727504,1.0366559996687996,0.00011488590098451823,2.965681687783217e-06,0.9748354447571141,3.378997234904091e-06,0.0
7,3,client_3,0.1,fc1,,336,34,0.10119047619047619,0.7894736842105263,0.02380952425301075,True,0.3,4.0744097965310124e-06,4.594911677828624e-08,6.252255388972117e-07,1.7837940846643363e-10,3.9441894728042826e-07,0.00010613445192575455,0.0,3.814611204688845e-07,3.9441894728042826e-07,88.67028164891146,3485.4922548939444,1.0339662213265568,0.00013852994015906006,1.3876633602194488e-05,0.9089498952132985,4.074409389431821e-06,0.0
7,4,client_4,0.1,fc1,,336,34,0.10119047619047619,0.8888888888888888,0.011904762126505375,True,0.3,3.1065759274310145e-06,1.128623440849798e-08,9.983224060761131e-07,1.1766598546208984e-11,1.4272671933213132e-07,3.3730135328369215e-05,0.0,1.378167411303366e-07,1.4272671933213132e-07,275.2291495862018,78197.99474877065,1.035619348869985,0.00010562357783783227,3.408443035368691e-06,0.9687390550334604,3.1065762868820457e-06,0.0
7,5,client_5,0.1,fc1,,336,34,0.10119047619047619,0.8888888888888888,0.011904762126505375,True,0.3,3.4622880993056777e-06,5.058161681222521e-08,7.580039209642564e-07,1.4778816365135228e-10,4.0424845337838633e-07,5.352603693609126e-05,0.0,4.037615042307152e-07,4.0424845337838633e-07,68.44818076847467,5094.517617278,1.0012035519459566,0.00011771780555136502,1.5275649275281467e-05,0.8851398350367489,3.4622880775714293e-06,0.0
7,6,client_6,0.1,fc1,,336,34,0.10119047619047619,0.7894736842105263,0.02380952425301075,True,0.3,1.7705696284806168e-06,3.3561674288665574e-08,6.080110210859857e-07,1.1273110223086746e-10,2.538318710776366e-07,2.7202690034755506e-05,0.0,2.535248029289505e-07,2.538318710776366e-07,52.75412838834939,5346.039993982992,1.001207246541181,6.019936699885875e-05,1.0135625416296534e-05,0.8558949688603713,1.7705696109260316e-06,0.0
7,7,client_7,0.1,fc1,,336,34,0.10119047619047619,0.7435897435897436,0.02976190485060215,True,0.3,2.934742520424419e-06,1.6657443787961482e-08,7.548540565949224e-07,5.0119228212075484e-11,1.930934274696483e-07,5.60081098228693e-05,0.0,1.9163525166732143e-07,1.930934274696483e-07,176.17146942292786,14766.538599982408,1.0076038629938167,9.978124580811709e-05,5.030548436479876e-06,0.9520039760339932,2.9347424970183056e-06,0.0
7,8,client_8,0.1,fc1,,336,34,0.10119047619047619,0.7435897435897436,0.02976190485060215,True,0.3,3.0470104047206885e-06,2.3460278196084116e-08,5.974107466499845e-07,1.1541891054012154e-10,2.0636475994706416e-07,7.059515337459743e-05,0.0,2.0372542053337384e-07,2.0636475994706416e-07,129.87401535647192,5131.56104861588,1.0129504038149932,0.00010359835141571239,7.085003744577989e-06,0.9359885262756438,3.047010523005156e-06,0.0
7,9,client_9,0.1,fc1,,336,34,0.10119047619047619,0.7,0.0357142873108387,True,0.3,3.050422980563513e-06,2.2275835815558253e-08,6.224624371498066e-07,4.976366888009842e-11,2.333830764200684e-07,3.090094469371252e-05,0.0,2.2684690748064895e-07,2.333830764200684e-07,136.93250719355225,12261.96708949536,1.0288085925587693,0.00010371438111178577,6.7273026616021525e-06,0.9390872778208182,3.050422947126208e-06,0.0
8,1,client_1,0.1,fc1,,336,34,0.10119047619047619,0.7435897435897436,0.02976190485060215,True,0.3,8.778372947450835e-06,7.231718279546832e-08,3.3634515830271994e-06,2.2860740384045286e-10,6.343885843307362e-07,8.847096614772454e-05,0.0,5.917507337471761e-07,6.343885843307362e-07,121.38541938032374,14648.706996244593,1.072051923386128,0.00029846467077732086,2.183979086112231e-05,0.9318155242633167,8.778372830420267e-06,0.0
8,2,client_2,0.1,fc1,,336,34,0.10119047619047619,0.8378378378378378,0.01785714365541935,True,0.3,1.6346030438749976e-06,1.0273403147308944e-08,3.8164097304616007e-07,2.393765220765065e-11,1.1179385950299547e-07,3.221010774723254e-05,0.0,1.0384899695736749e-07,1.1179385950299547e-07,159.09469586105646,15303.805260748484,1.0764936232871447,5.557650001719594e-05,3.102567916357657e-06,0.9471264801445484,1.6346029951819219e-06,0.0
8,3,client_3,0.1,fc1,,336,34,0.10119047619047619,0.7,0.0357142873108387,True,0.3,2.543367081804771e-06,4.4125890376697216e-08,5.599556516244775e-07,1.6741567160361015e-10,3.2764336310719955e-07,3.616843605414033e-05,0.0,3.274371920269914e-07,3.2764336310719955e-07,57.63757790528306,3324.8429097644275,1.0006265948359232,8.647447975818068e-05,1.3326019143278245e-05,0.8664734128943633,2.5433673727093264e-06,0.0
8,4,client_4,0.1,fc1,,336,34,0.10119047619047619,0.8378378378378378,0.01785714365541935,True,0.3,1.994049368605869e-06,1.1761664023383796e-08,9.358826105199114e-07,2.3766093260046972e-11,1.1360751983602313e-07,1.9989489373983815e-05,0.0,1.1281554179731756e-07,1.1360751983602313e-07,169.52361851377913,37788.867250600684,1.0070111884844566,6.779767863918096e-05,3.552022690200829e-06,0.9502166992399896,1.9940493984904606e-06,0.0
8,5,client_5,0.1,fc1,,336,34,0.10119047619047619,0.7435897435897436,0.02976190485060215,True,0.3,2.1705607956752883e-06,4.273494430233166e-08,5.77134215973274e-07,1.3144253394048455e-10,3.312453031867335e-07,3.503924381220713e-05,0.0,3.268734189987299e-07,3.312453031867335e-07,50.79005111762238,4357.619858229379,1.0133717535969697,7.379906310234219e-05,1.2905952644359786e-05,0.8511510160702358,2.170560719605419e-06,0.0
8,6,client_6,0.1,fc1,,336,34,0.10119047619047619,0.7,0.0357142873108387,True,0.3,2.1532861826672695e-06,5.6523071581153814e-08,9.426604492546176e-07,1.8958851155659318e-10,4.420645325353689e-07,2.3854783648857847e-05,0.0,4.3813147954097076e-07,4.420645325353689e-07,38.09502964724883,4946.050743329851,1.008974575449229,7.321173325181007e-05,1.706996772554703e-05,0.810925488203266,2.1532860046136193e-06,0.0
8,7,client_7,0.1,fc1,,336,34,0.10119047619047619,0.7435897435897436,0.02976190485060215,True,0.3,1.3872509574539168e-06,1.406073926090778e-08,4.0327563510800246e-07,3.574629828251297e-11,1.5408467390898295e-07,2.0605913960025646e-05,0.0,1.4634393608048413e-07,1.5408467390898295e-07,98.65429387604506,10974.592107415496,1.052886953493507,4.716653347713873e-05,4.246342996339081e-06,0.9174069959704233,1.3872510180590325e-06,0.0
8,8,client_8,0.1,fc1,,336,34,0.10119047619047619,0.8378378378378378,0.01785714365541935,True,0.3,1.7712154357575535e-06,2.065049387063929e-08,4.00725170379701e-07,8.431327858104964e-11,2.0022554281240446e-07,3.743200431927107e-05,0.0,2.0001559164484206e-07,2.0022554281240446e-07,85.76694000213378,4697.10198745911,1.0010446691739123,6.0221325838938355e-05,6.236449280550005e-06,0.9061592089789896,1.771215465851128e-06,0.0
8,9,client_9,0.1,fc1,,336,34,0.10119047619047619,0.7894736842105263,0.02380952425301075,True,0.3,2.0099713855656504e-06,1.657036444694844e-08,5.383645884649013e-07,3.6942687624275106e-11,1.8015244052094204e-07,2.0530258552753367e-05,0.0,1.7151327824649343e-07,1.8015244052094204e-07,121.29184606375485,14188.889142382852,1.0503641000782116,6.833903171354905e-05,5.004250397178112e-06,0.9317694656561374,2.009971240113373e-06,0.0
9,1,client_1,0.1,fc1,,336,34,0.10119047619047619,0.8888888888888888,0.011904762126505375,True,0.3,4.270831649431356e-06,5.512266401749353e-08,1.6589693245805393e-06,2.0806006917339914e-10,3.6798715541408455e-07,4.3957414163742214e-05,0.0,3.6467571362663875e-07,3.6798715541408455e-07,77.47728177277921,7935.371547230058,1.0090777438310337,0.00014520827971864492,1.66470435942756e-05,0.8971486130286868,4.270832050679019e-06,0.0
9,2,client_2,0.1,fc1,,336,34,0.10119047619047619,0.8888888888888888,0.011904762126505375,True,0.3,1.1767775230081872e-06,1.1109774714054251e-08,4.294399076343325e-07,2.7241263064747834e-11,1.2708323993138038e-07,1.4459477824857458e-05,0.0,1.2234312407599646e-07,1.2708323993138038e-07,105.91318367023109,15206.115486044991,1.038735949855999,4.0010432712733746e-05,3.3551521028130082e-06,0.9226309747760821,1.1767776868509827e-06,0.0
9,3,client_3,0.1,fc1,,336,34,0.10119047619047619,0.7894736842105263,0.02380952425301075,True,0.3,1.7805361790458526e-06,4.488675140782219e-08,8.230528294461692e-07,1.311452335617247e-10,3.7547988540609367e-07,1.0858117093448527e-05,0.0,3.699518913435895e-07,3.7547988540609367e-07,39.66641507321248,6228.3958888439465,1.0149397239265554,6.05382228968665e-05,1.3555798432207666e-05,0.8170459774473814,1.7805363086154102e-06,0.0
9,4,client_4,0.1,fc1,,336,34,0.10119047619047619,0.7,0.0357142873108387,True,0.3,2.60824583452792e-06,1.3924591120630062e-08,1.0154401479667285e-06,3.356839112234056e-11,2.376128804826294e-07,1.6733689335524105e-05,0.0,2.0066377715011186e-07,2.376128804826294e-07,187.29875176816984,29374.81655923751,1.184128494583171,8.868036093190312e-05,4.20522655986133e-06,0.9547268028534461,2.6082457225129474e-06,0.0
9,5,client_5,0.1,fc1,,336,34,0.10119047619047619,0.7894736842105263,0.02380952425301075,True,0.3,1.285566591324074e-06,3.814728107186633e-08,6.013197548782045e-07,5.4849245804955427e-11,3.1218232265928236e-07,1.2693275493802503e-05,0.0,3.0400661898966064e-07,3.1218232265928236e-07,33.69920099157905,10766.837514300869,1.0268897986727752,4.370926399133168e-05,1.1520478437887505e-05,0.7914080580031697,1.2855665545430384e-06,0.0
9,6,client_6,0.1,fc1,,336,34,0.10119047619047619,0.7894736842105263,0.02380952425301075,True,0.3,1.8394183531627812e-06,4.3793897282372606e-08,9.792636888050765e-07,1.564766649586602e-10,3.841806801574421e-07,1.3516964827431366e-05,0.0,3.4899514389508113e-07,3.841806801574421e-07,42.00074591573811,6218.468552544892,1.1008164040716122,6.254022446228191e-05,1.3225757356849499e-05,0.8254393612444515,1.8394183598502423e-06,0.0
9,7,client_7,0.1,fc1,,336,34,0.10119047619047619,0.7,0.0357142873108387,True,0.3,7.337875846293601e-07,1.0806618191179384e-08,2.4720603164496424e-07,5.398632582642726e-11,1.27879530964492e-07,7.074749191815499e-06,0.0,1.2206149335725058e-07,1.27879530964492e-07,67.89540226617548,4495.77286588138,1.0476562246702286,2.494877844583243e-05,3.263598728153738e-06,0.8843202899086682,7.337876581914315e-07,0.0
9,8,client_8,0.1,fc1,,336,34,0.10119047619047619,0.6585365853658537,0.0416666679084301,True,0.3,1.1387173966635173e-06,2.5531507861874055e-08,3.9435892063011124e-07,1.1849853737144755e-10,2.3566283857689996e-07,1.8437971448292956e-05,0.0,2.2136121913263196e-07,2.3566283857689996e-07,44.59872891545785,3300.1150416116943,1.0646028012381805,3.87163927371148e-05,7.710515092185233e-06,0.8339213984602153,1.1387173799448647e-06,0.0
9,9,client_9,0.1,fc1,,336,34,0.10119047619047619,0.7435897435897436,0.02976190485060215,True,0.3,1.0311294469247781e-06,1.3373366528921435e-08,3.671469812616124e-07,3.027817579992487e-11,1.3769894735560229e-07,7.321289558603894e-06,0.0,1.3622110373034957e-07,1.3769894735560229e-07,77.09744193827869,11738.120010902116,1.0108414389795075,3.505840140860528e-05,4.0387567423749715e-06,0.8966994577079467,1.0311295000065002e-06,0.0
10,1,client_1,0.1,fc1,,336,34,0.10119047619047619,0.7894736842105263,0.02380952425301075,True,0.3,4.421298576610698e-06,6.66771990788961e-08,9.432024796751648e-07,1.7916759742497845e-10,5.005558705306612e-07,8.916460501495749e-05,0.0,4.990725415154884e-07,5.005558705306612e-07,66.30800827987652,5235.1393544442035,1.0029701614929767,0.00015032413648441434,2.0136512830504216e-05,0.8818700163744366,4.421298399392981e-06,0.0
10,2,client_2,0.1,fc1,,336,34,0.10119047619047619,0.6585365853658537,0.0416666679084301,True,0.3,1.352917077923621e-06,6.920613367833078e-09,2.528650213662331e-07,1.118204443970039e-11,1.1372997477110403e-07,2.804427276714705e-05,0.0,1.122194532854337e-07,1.1372997477110403e-07,195.46267698381618,20757.19084903061,1.0134513935871463,4.599917883751914e-05,2.0900251911371015e-06,0.9565385580840511,1.3529172520065913e-06,0.0
10,3,client_3,0.1,fc1,,336,34,0.10119047619047619,0.7894736842105263,0.02380952425301075,True,0.3,1.3286216107430579e-06,2.094563846754553e-08,3.2210110134656134e-07,8.276409765861636e-11,1.71805552895421e-07,1.690771387075074e-05,0.0,1.6892892062969622e-07,1.71805552895421e-07,63.428870116873796,3845.336013279772,1.0170226343267414,4.517313209362328e-05,6.325582944555208e-06,0.8771700649805376,1.3286216926644556e-06,0.0
10,4,client_4,0.1,fc1,,336,34,0.10119047619047619,0.8888888888888888,0.011904762126505375,True,0.3,1.544036070346438e-06,8.63607469718106e-09,4.88589336100631e-07,1.1828980503447717e-11,1.530725057818927e-07,1.1295009244349785e-05,0.0,1.3952725907984131e-07,1.530725057818927e-07,178.76840533176997,38084.81398575089,1.0970717099989116,5.249722380540334e-05,2.6080945190187776e-06,0.9526707121745522,1.5440360812135623e-06,0.0
10,5,client_5,0.1,fc1,,336,34,0.10119047619047619,0.7,0.0357142873108387,True,0.3,1.3559976102495806e-06,3.638550069885238e-08,5.841903885084321e-07,1.5978583733922136e-10,3.169803051150666e-07,1.259515465790173e-05,0.0,3.049129873033962e-07,3.169803051150666e-07,37.266502252368234,3633.344815538224,1.0395728576389123,4.6103919885354117e-05,1.0988420399371535e-05,0.8075324789261821,1.3559974831878208e-06,0.0
10,6,client_6,0.1,fc1,,336,34,0.10119047619047619,0.6585365853658537,0.0416666679084301,True,0.3,1.4367537814638019e-06,3.6453238956421553e-08,6.658992504071648e-07,1.253003534262831e-10,2.851865303910017e-07,2.0863517420366406e-05,0.0,2.838432919816114e-07,2.851865303910017e-07,39.4125298619274,5272.3466905880505,1.0047287842218695,4.8849622544366866e-05,1.1008879482687917e-05,0.8160849348719573,1.4367539051818312e-06,0.0
10,7,client_7,0.1,fc1,,336,34,0.10119047619047619,0.6585365853658537,0.0416666679084301,True,0.3,1.6734273135826323e-06,1.8515669550131662e-08,6.343132099573268e-07,4.301675942536276e-11,1.77821107172349e-07,7.521520274167415e-06,0.0,1.7360909509989142e-07,1.77821107172349e-07,90.37409827139963,14410.720331034434,1.0242555714864083,5.689652607543394e-05,5.591732588072773e-06,0.9105154533318144,1.673427391324367e-06,0.0
10,8,client_8,0.1,fc1,,336,34,0.10119047619047619,0.5454545454545454,0.0595238097012043,True,0.3,1.3612262973799046e-06,1.6239423782192774e-08,3.0923197869014984e-07,7.807782198554492e-11,1.4502458611787006e-07,3.013421519426629e-05,0.0,1.44611533414718e-07,1.4502458611787006e-07,83.81716608112504,3910.476678868016,1.0028493567841066,4.628169699572027e-05,4.9043060244002845e-06,0.9041865619657969,1.3612263956019888e-06,0.0
10,9,client_9,0.1,fc1,,336,34,0.10119047619047619,0.5111111111111111,0.065476194024086,True,0.3,1.105626985938269e-06,2.4233506282942864e-08,4.4396755072284577e-07,6.87254333303633e-11,2.1896099156037963e-07,1.2606221389432903e-05,0.0,2.139074268825425e-07,2.1896099156037963e-07,45.622014041872596,6367.36882823375,1.0236202226881483,3.759131868719123e-05,7.318519237742294e-06,0.8370397130576409,1.105626893149747e-06,0.0
11,1,client_1,0.1,fc1,,336,34,0.10119047619047619,0.6190476190476191,0.0476190485060215,True,0.3,2.335251924906141e-06,5.582023761208644e-08,6.090288309223979e-07,1.261311471933979e-10,3.8456110473816807e-07,3.4434178814990446e-05,0.0,3.742442800103163e-07,3.8456110473816807e-07,41.8344706209185,4790.555614163652,1.0275643415664921,7.939856732264161e-05,1.685771349002607e-05,0.8248663445900158,2.3352517928287853e-06,0.0
11,2,client_2,0.1,fc1,,336,34,0.10119047619047619,0.8378378378378378,0.01785714365541935,True,0.3,8.692221955019409e-07,4.280286223449373e-09,2.4925465424985305e-07,4.48519194874708e-12,6.421635134756798e-08,1.7860147636383772e-05,0.0,6.185456413732027e-08,6.421635134756798e-08,203.02828405656575,45441.37316959116,1.0381661252819023,2.9553553758887574e-05,1.2926465160489897e-06,0.9580937858594826,8.69222276378423e-07,0.0
11,3,client_3,0.1,fc1,,336,34,0.10119047619047619,0.7435897435897436,0.02976190485060215,True,0.3,1.1302865421130798e-06,1.86216699990837e-08,2.349049950112203e-07,8.424796971162607e-11,1.4731681119428686e-07,2.026492074946873e-05,0.0,1.4650393609372259e-07,1.4731681119428686e-07,60.69411862899862,2755.549437785427,1.0055416228436487,3.8429745472967625e-05,5.623744527838426e-06,0.8723427950866475,1.1302864777462673e-06,0.0
11,4,client_4,0.1,fc1,,336,34,0.10119047619047619,0.7894736842105263,0.02380952425301075,True,0.3,6.393086300871641e-07,5.087197357062242e-09,2.657230169234026e-07,4.992041719234508e-12,6.658640927525994e-08,3.993323389295256e-06,0.0,6.458378720708424e-08,6.658640927525994e-08,125.64540744470648,44345.9891259484,1.0309921601469043,2.1736494090873748e-05,1.5363334568974096e-06,0.9339859160761727,6.393086664502334e-07,0.0
11,5,client_5,0.1,fc1,,336,34,0.10119047619047619,0.6585365853658537,0.0416666679084301,True,0.3,1.3229364914396308e-06,3.4713999492772976e-08,4.461394951249531e-07,1.4801779246731428e-10,2.672191783403832e-07,2.017782026086934e-05,0.0,2.537360614951467e-07,2.672191783403832e-07,38.10849807775575,2993.8672942213248,1.0531342042261904,4.4979839003644884e-05,1.0483628102520015e-05,0.8109813637608656,1.3229363275968353e-06,0.0
11,6,client_6,0.1,fc1,,336,34,0.10119047619047619,0.8378378378378378,0.01785714365541935,True,0.3,1.4484700113324407e-06,2.9625887404982013e-08,5.365996571526921e-07,1.372270144739396e-10,2.353282155809211e-07,1.670216443017125e-05,0.0,2.2407708399896364e-07,2.353282155809211e-07,48.89038769185277,3882.0172684396584,1.05020630032703,4.924798122374341e-05,8.947017704485916e-06,0.8462579480106523,1.44847001593007e-06,0.0
11,7,client_7,0.1,fc1,,336,34,0.10119047619047619,0.7435897435897436,0.02976190485060215,True,0.3,1.3622499338757332e-06,1.1409703610028525e-08,5.715740485356946e-07,6.050776026056415e-11,1.0891959334458079e-07,2.042445157712791e-05,0.0,1.0066776212624973e-07,1.0891959334458079e-07,119.38351747901791,9292.71438456459,1.08196019345091,4.63164942630101e-05,3.4457302717783023e-06,0.9307560858714122,1.3622499182019965e-06,0.0
11,8,client_8,0.1,fc1,,336,34,0.10119047619047619,0.7435897435897436,0.02976190485060215,True,0.3,7.972146233094142e-07,1.6942048312011874e-08,2.6961771482092445e-07,6.744228092658844e-11,1.2974035712431942e-07,1.080513175111264e-05,0.0,1.1936100463572075e-07,1.2974035712431942e-07,47.052608753067425,3939.3443814375196,1.0869485438039703,2.7105297704110853e-05,5.116498414281523e-06,0.8412099922458701,7.972146249812795e-07,0.0
11,9,client_9,0.1,fc1,,336,34,0.10119047619047619,0.6190476190476191,0.0476190485060215,True,0.3,9.591294330261115e-07,1.841593638141722e-08,3.198691160832823e-07,3.740655571751739e-11,1.5970385902619455e-07,6.0005977502441965e-06,0.0,1.4744598786364804e-07,1.5970385902619455e-07,52.07866352809243,8328.503040885507,1.0831273079235846,3.261039819335565e-05,5.561612852034159e-06,0.8543012654030151,9.591293519406463e-07,0.0
12,1,client_1,0.1,fc1,,336,34,0.10119047619047619,0.4782608695652174,0.0714285746216774,True,0.3,2.383904019860197e-06,5.348504582193882e-08,5.59702641567128e-07,1.3460253051045257e-10,3.422057375246368e-07,3.192265285179019e-05,0.0,3.387183085123979e-07,3.422057375246368e-07,44.570578797252786,4127.523575409861,1.0102929739303932,8.105274173431098e-05,1.615248402231373e-05,0.8338311059882085,2.383904075031751e-06,0.0
12,2,client_2,0.1,fc1,,336,34,0.10119047619047619,0.7894736842105263,0.02380952425301075,True,0.3,8.05583905361118e-07,4.078654570151595e-09,2.1300004959812213e-07,1.1417204421465543e-11,5.35058859441051e-08,1.474249529564986e-05,0.0,5.154814886054737e-08,5.35058859441051e-08,197.46375373422447,17153.62350239723,1.0379586690917277,2.738985131145455e-05,1.2317536857153755e-06,0.9569641659578023,8.055837383835751e-07,0.0
12,3,client_3,0.1,fc1,,336,34,0.10119047619047619,0.4782608695652174,0.0714285746216774,True,0.3,1.3196489715362666e-06,1.675157369173014e-08,2.7080257325451385e-07,7.698561579894125e-11,1.5891924931565882e-07,3.0485676688840613e-05,0.0,1.5229210248435265e-07,1.5891924931565882e-07,78.77290951346224,3472.4682299449164,1.0435091722685665,4.4868058466818184e-05,5.0589751481311396e-06,0.8986726091956527,1.319648958997277e-06,0.0
12,4,client_4,0.1,fc1,,336,34,0.10119047619047619,0.7,0.0357142873108387,True,0.3,8.072532897826664e-07,6.867669536186792e-09,4.3373650271405495e-07,2.6734103212439075e-12,1.1234304508889181e-07,4.505663127929438e-06,0.0,9.951911295047466e-08,1.1234304508889181e-07,117.52687846310639,118074.61317503487,1.1288476445439564,2.7446612875792198e-05,2.074036501653609e-06,0.9297428249332135,8.072533432823548e-07,0.0
12,5,client_5,0.1,fc1,,336,34,0.10119047619047619,0.7435897435897436,0.02976190485060215,True,0.3,8.566258290944889e-07,3.46119429134296e-08,4.4534422727338097e-07,1.0681317982874639e-10,2.5763776534404315e-07,6.374008535203757e-06,0.0,2.5628753519413294e-07,2.5763776534404315e-07,24.748714122257535,4130.703017764422,1.0052644967083222,2.9125274522812106e-05,1.0452806236571632e-05,0.735894041047269,8.566258316022868e-07,0.0
12,6,client_6,0.1,fc1,,336,34,0.10119047619047619,0.7435897435897436,0.02976190485060215,True,0.3,9.098701395975481e-07,1.6536583094184473e-08,3.418799821020002e-07,6.250348329184252e-11,1.4136685422272421e-07,1.3161545211914927e-05,0.0,1.4129565784060105e-07,1.4136685422272421e-07,55.018326100959015,5383.641406422144,1.0004968014332112,3.0935585527913645e-05,4.994048140360974e-06,0.8610047336559574,9.098701525545039e-07,0.0
12,7,client_7,0.1,fc1,,336,34,0.10119047619047619,0.6190476190476191,0.0476190485060215,True,0.3,1.1624622088976032e-06,1.4304002255049759e-08,4.296290114780277e-07,4.4474993132759266e-11,1.4847438478682307e-07,1.249830165761523e-05,0.0,1.4386148450284963e-07,1.4847438478682307e-07,81.26263723497468,9447.588265132285,1.0320576994058661,3.952371480409056e-05,4.319808340369491e-06,0.9014721233143542,1.1624622402450768e-06,0.0
12,8,client_8,0.1,fc1,,336,34,0.10119047619047619,0.8378378378378378,0.01785714365541935,True,0.3,6.553675546302549e-07,1.0695648154588922e-08,1.7431604959483593e-07,5.027711927341194e-11,8.307377896699109e-08,1.0119979378941935e-05,0.0,7.685633818255155e-08,8.307377896699109e-08,61.26849693089125,3399.489910214628,1.0808828529772165,2.2282494683167897e-05,3.2300861221301602e-06,0.8733923854990095,6.553675575560192e-07,0.0
12,9,client_9,0.1,fc1,,336,34,0.10119047619047619,0.5813953488372093,0.0535714291036129,True,0.3,5.560667170644752e-07,1.953598575871422e-08,2.9456782613124233e-07,4.5151131965182056e-11,1.414976225078135e-07,2.831244955814327e-06,0.0,1.3643574447996798e-07,1.414976225078135e-07,28.462257378492936,6382.6782483574625,1.037093218891547,1.890626663225703e-05,5.899867574044038e-06,0.762160912009163,5.560667091231153e-07,0.0
13,1,client_1,0.1,fc1,,336,34,0.10119047619047619,0.6585365853658537,0.0416666679084301,True,0.3,2.2421534073574174e-06,4.4640033125382855e-08,5.774535338787246e-07,9.98575874766594e-11,3.080246528952557e-07,3.911789826815948e-05,0.0,3.0472006073978264e-07,3.080246528952557e-07,50.22628847006972,5725.434727579218,1.010841364713856,7.62332056183368e-05,1.3481289897754323e-05,0.8497311870291071,2.242153641418554e-06,0.0
13,2,client_2,0.1,fc1,,336,34,0.10119047619047619,0.6585365853658537,0.0416666679084301,True,0.3,1.1266003414872932e-06,6.521207510357775e-09,2.388675355291525e-07,1.7881939852470996e-11,6.241937455797597e-08,2.36735722864978e-05,0.0,6.174282418669463e-08,6.241937455797597e-08,172.73298031351558,12650.58237635965,1.0109411812465434,3.83044098271057e-05,1.969404593182844e-06,0.9510996022445212,1.1266004094068194e-06,0.0
13,3,client_3,0.1,fc1,,336,34,0.10119047619047619,0.4782608695652174,0.0714285746216774,True,0.3,1.0226388963353791e-06,2.788910117011261e-08,3.7083678705585044e-07,1.350071235362016e-10,2.2678504763007368e-07,1.59467599587515e-05,0.0,2.2161775348195079e-07,2.2678504763007368e-07,36.66673312147222,2726.598264958844,1.0233116289436384,3.476972415228374e-05,8.42250847199466e-06,0.8049994463064684,1.022638912218099e-06,0.0
13,4,client_4,0.1,fc1,,336,34,0.10119047619047619,0.7894736842105263,0.02380952425301075,True,0.3,1.0288626893718763e-06,9.49598576764517e-09,6.328528456833737e-07,4.0648494769798815e-12,1.8800048451339535e-07,5.652851541526616e-06,0.0,1.87188561540097e-07,1.8800048451339535e-07,108.3357093023199,124949.9809539725,1.00433209505181,3.498133082757704e-05,2.867787770810537e-06,0.9242310309661017,1.0288625844623311e-06,0.0
13,5,client_5,0.1,fc1,,336,34,0.10119047619047619,0.6190476190476191,0.0476190485060215,True,0.3,7.890794385482824e-07,3.08919948537761e-08,4.816493373027697e-07,6.562360550799173e-11,2.2683076394969248e-07,3.2220873436017428e-06,0.0,2.2181784231634083e-07,2.2683076394969248e-07,25.542341954322758,7229.409660889551,1.0225946613958252,2.682870217540767e-05,9.329382919531781e-06,0.741983469616289,7.890794222475961e-07,0.0
13,6,client_6,0.1,fc1,,336,34,0.10119047619047619,0.5454545454545454,0.0595238097012043,True,0.3,5.893326218142647e-07,2.0544026784471653e-08,2.6843788702990423e-07,1.0130360092452939e-10,1.7014814090998698e-07,8.581428119214252e-06,0.0,1.6626523802187876e-07,1.7014814090998698e-07,28.68492837690989,2623.9339046133296,1.0233475114027504,2.0037310605403036e-05,6.204295914358227e-06,0.7635702420407715,5.893326147088374e-07,0.0
13,7,client_7,0.1,fc1,,336,34,0.10119047619047619,0.6190476190476191,0.0476190485060215,True,0.3,7.933780657802291e-07,1.3182699490909952e-08,2.5596980890441046e-07,3.472777100610447e-11,1.3294528855567478e-07,9.19169542612508e-06,0.0,1.199974661858505e-07,1.3294528855567478e-07,60.178712836048526,7164.449437964526,1.10789156546195,2.6974854336003773e-05,3.981175268563675e-06,0.8713925464340293,7.933780352686881e-07,0.0
13,8,client_8,0.1,fc1,,336,34,0.10119047619047619,0.5111111111111111,0.065476194024086,True,0.3,7.113719901246227e-07,1.5161120561875677e-08,4.0134321466211986e-07,4.97975011920504e-11,1.4185101804287115e-07,3.148170208078227e-06,0.0,1.3593869141459436e-07,1.4185101804287115e-07,46.91771096408036,7900.845617282616,1.0434849201639584,2.4186647351598367e-05,4.5786578084516805e-06,0.8408270441143216,7.113719675544417e-07,0.0
13,9,client_9,0.1,fc1,,336,34,0.10119047619047619,0.5111111111111111,0.065476194024086,True,0.3,7.112552358321142e-07,1.3534532959374503e-08,2.910188499072319e-07,3.122351249079669e-11,1.3269378484892513e-07,4.304804861021694e-06,0.0,1.2531721438335808e-07,1.3269378484892513e-07,52.547264889153084,9031.257842867048,1.0588547363354908,2.418267831671983e-05,4.087428806087701e-06,0.8554151335986552,7.112552680155204e-07,0.0
14,1,client_1,0.1,fc1,,336,34,0.10119047619047619,0.7894736842105263,0.02380952425301075,True,0.3,1.4531131255654038e-06,3.231497600947922e-08,4.886189231001481e-07,7.266097099001279e-11,2.240353467186651e-07,1.2010360478598159e-05,0.0,2.225286266366311e-07,2.240353467186651e-07,44.9657817897613,6633.348930010668,1.0067663803008697,4.940584767609835e-05,9.759122804098297e-06,0.8350523365440171,1.4531131000694586e-06,0.0
14,2,client_2,0.1,fc1,,336,34,0.10119047619047619,0.5111111111111111,0.065476194024086,True,0.3,8.560295779937084e-07,9.588152477720377e-09,1.3741456683646902e-07,4.1199916742118425e-11,8.679478469275637e-08,1.2097894796170294e-05,0.0,8.294564679545147e-08,8.679478469275637e-08,89.2706190648886,3256.2757807367852,1.0463929290209224,2.9105007342877798e-05,2.8956217192899203e-06,0.9095135716495397,8.560296578252746e-07,0.0
14,3,client_3,0.1,fc1,,336,34,0.10119047619047619,0.6190476190476191,0.0476190485060215,True,0.3,7.930886195093562e-07,3.034996734444238e-08,4.4291044787314604e-07,1.5228704408620786e-10,2.44148793626664e-07,4.922538664686726e-06,0.0,2.4220898353632947e-07,2.44148793626664e-07,26.13058788238524,2889.418675358209,1.008004666290082,2.696501360333059e-05,9.165691153611988e-06,0.7463184855764744,7.930886454232677e-07,0.0
14,4,client_4,0.1,fc1,,336,34,0.10119047619047619,0.7,0.0357142873108387,True,0.3,4.776725349382318e-07,8.836149776379788e-09,3.325944248899759e-07,2.239924608640753e-12,1.5053666402309318e-07,1.8031516901828581e-06,0.0,1.4836393802397652e-07,1.5053666402309318e-07,54.052782517613316,102654.98894726115,1.0146377306393355,1.6240865079453215e-05,2.6685170269047376e-06,0.8588786312120624,4.776725290867034e-07,0.0
14,5,client_5,0.1,fc1,,336,34,0.10119047619047619,0.8378378378378378,0.01785714365541935,True,0.3,6.07284024270297e-07,1.7756453693861504e-08,2.676531636325308e-07,3.7970945832022096e-11,1.4630219880018558e-07,3.0582623367081396e-06,0.0,1.455810121342438e-07,1.4630219880018558e-07,34.19882347660162,6868.018158609905,1.0049469481523423,2.064765794784762e-05,5.362448973755818e-06,0.7938320752101962,6.07283993758756e-07,0.0
14,6,client_6,0.1,fc1,,336,34,0.10119047619047619,0.5813953488372093,0.0535714291036129,True,0.3,5.459471298048115e-07,2.268997680428903e-08,3.3173051861012937e-07,1.4961718669548318e-10,1.8084448072386294e-07,4.705234459834173e-06,0.0,1.760986378940288e-07,1.8084448072386294e-07,24.060098184121234,2202.4745375228654,1.026944080559038,1.8562202967586927e-05,6.852373189758509e-06,0.7303762267090088,5.459471594804199e-07,0.0
14,7,client_7,0.1,fc1,,336,34,0.10119047619047619,0.7,0.0357142873108387,True,0.3,6.121089208310128e-07,8.445596846102505e-09,3.0814656781785743e-07,2.0899200772750426e-11,8.064201040269836e-08,5.030829470342724e-06,0.0,6.973792920916821e-08,8.064201040269836e-08,72.46811135699663,14071.133052549105,1.1563413909156606,2.0811703507206403e-05,2.5505703433736926e-06,0.8908252145954716,6.121089199950802e-07,0.0
14,8,client_8,0.1,fc1,,336,34,0.10119047619047619,0.5454545454545454,0.0595238097012043,True,0.3,4.024725968446653e-07,1.4363886267643966e-08,2.0340784345762586e-07,1.0196991515054599e-10,1.1789271070483665e-07,3.143642516079126e-06,0.0,1.1615664163855399e-07,1.1789271070483665e-07,28.01780601293102,1975.4104211918186,1.0149371926100363,1.3684069017472211e-05,4.337893642514246e-06,0.7592995566767498,4.024725797080464e-07,0.0
14,9,client_9,0.1,fc1,,336,34,0.10119047619047619,0.6190476190476191,0.0476190485060215,True,0.3,4.824808783610024e-07,1.2001364086714596e-08,2.1703029773334492e-07,1.8774045902961167e-11,9.330265982043784e-08,2.538236230975599e-06,0.0,9.133538014793885e-08,9.330265982043784e-08,40.19882040531165,10975.512993061506,1.0215278913978656,1.6404348571086302e-05,3.6244121019990416e-06,0.8190395811205079,4.824809138881392e-07,0.0
15,1,client_1,0.1,fc1,,336,34,0.10119047619047619,0.6585365853658537,0.0416666679084301,True,0.3,1.540417744315485e-06,3.221979077528547e-08,3.674694966093739e-07,7.374346619459793e-11,2.39549990510568e-07,1.643786526983604e-05,0.0,2.2692324819217902e-07,2.39549990510568e-07,47.808191768435485,4916.409625058741,1.055638577274018,5.2374198276083916e-05,9.73037640505936e-06,0.8433226972676382,1.540417542855721e-06,0.0
15,2,client_2,0.1,fc1,,336,34,0.10119047619047619,0.5454545454545454,0.0595238097012043,True,0.3,8.450166266062725e-07,7.3166955231135695e-09,2.8099445614770957e-07,2.070567241968524e-11,8.689431041375428e-08,4.308225925342413e-06,0.0,6.40075867863743e-08,8.689431041375428e-08,115.47578386354215,12945.669257077287,1.357541460863056,2.8730562917189673e-05,2.2096421616879525e-06,0.9285834374840689,8.450165296380874e-07,0.0
15,3,client_3,0.1,fc1,,336,34,0.10119047619047619,0.7435897435897436,0.02976190485060215,True,0.3,5.341860483888601e-07,2.7801412621039836e-08,3.470244536174505e-07,1.458156789757581e-10,2.2624782047842018e-07,3.1316553759097587e-06,0.0,2.2516746867040638e-07,2.2624782047842018e-07,19.21365802565666,2363.674343492635,1.0047935299928417,1.8162325432058424e-05,8.396026714763138e-06,0.6838648967295642,5.341860287444433e-07,0.0
15,4,client_4,0.1,fc1,,336,34,0.10119047619047619,0.7435897435897436,0.02976190485060215,True,0.3,4.481822423773498e-07,8.126978112420441e-09,3.1030971570089605e-07,2.2601589003135025e-11,1.0335311628750787e-07,3.7179681839916157e-06,0.0,1.0055480004211859e-07,1.0335311628750787e-07,55.140680274775626,13147.831515059315,1.0278185469581824,1.5238196283462457e-05,2.454347395541845e-06,0.8612778184217664,4.4818227706855396e-07,0.0
15,5,client_5,0.1,fc1,,336,34,0.10119047619047619,0.7,0.0357142873108387,True,0.3,6.695516887589292e-07,2.496372853963676e-08,4.280538092871211e-07,6.164461996416293e-11,1.9615477242496127e-07,2.9692785119550535e-06,0.0,1.8803135048983677e-07,1.9615477242496127e-07,26.819906641318973,6833.049821868145,1.0431969387925273,2.27647578867618e-05,7.539045782323228e-06,0.7512178135831795,6.695516958643566e-07,0.0
15,6,client_6,0.1,fc1,,336,34,0.10119047619047619,0.6585365853658537,0.0416666679084301,True,0.3,5.971381247771955e-07,2.3047944382749348e-08,3.7407748720852396e-07,1.248519274077431e-10,2.1529450577872922e-07,3.336895133543294e-06,0.0,1.9558656561002863e-07,2.1529450577872922e-07,25.90739579484234,2972.3620044098643,1.1007576330695439,2.0302695702412166e-05,6.960479367990047e-06,0.7446929752419209,5.971381256131281e-07,0.0
15,7,client_7,0.1,fc1,,336,34,0.10119047619047619,0.7435897435897436,0.02976190485060215,True,0.3,7.395234210103835e-07,8.354590996137048e-09,2.1387753434964907e-07,2.8695946660550753e-11,7.91959990920077e-08,9.636735740059521e-06,0.0,7.603148333146237e-08,7.91959990920077e-08,88.50641700297197,7202.246717184883,1.0416074238526978,2.514379593776539e-05,2.5230863229808165e-06,0.9088047866034634,7.395235002150002e-07,0.0
15,8,client_8,0.1,fc1,,336,34,0.10119047619047619,0.7,0.0357142873108387,True,0.3,3.1383817061476507e-07,1.7605811673136552e-08,2.0769284247990072e-07,1.1250081768943154e-10,1.3889670924527309e-07,1.8764093283607508e-06,0.0,1.3625634665004327e-07,1.3889670924527309e-07,17.82481555667464,1829.8797022608562,1.0193704241284591,1.0670498340914492e-05,5.316955594025785e-06,0.6674294554284761,3.1383819987240713e-07,0.0
15,9,client_9,0.1,fc1,,336,34,0.10119047619047619,0.5813953488372093,0.0535714291036129,True,0.3,5.595501749787539e-07,1.1042958495837875e-08,3.0492714131469256e-07,1.4458188986321563e-11,1.3582061342276575e-07,3.002578978339443e-06,0.0,1.2438606233899918e-07,1.3582061342276575e-07,50.66572598852404,19725.929187727776,1.0919191342633854,1.902470648929011e-05,3.3349733712384477e-06,0.8508487490478605,5.595501875177433e-07,0.0
16,1,client_1,0.1,fc1,,336,34,0.10119047619047619,0.6190476190476191,0.0476190485060215,True,0.3,3.0455471568971276e-06,3.474115419628979e-08,6.050083243280824e-07,8.0020996773289e-11,2.474610312219738e-07,5.4723630455555394e-05,0.0,2.4117312591442897e-07,2.474610312219738e-07,87.66143687262691,7467.302901999616,1.0260679095807133,0.0001035485984175466,1.04918281067512e-05,0.9079990374070127,3.0455469186563278e-06,0.0
16,2,client_2,0.1,fc1,,336,34,0.10119047619047619,0.7894736842105263,0.02380952425301075,True,0.3,1.3359000310147701e-06,1.0093460356937347e-08,4.999047575893201e-07,3.268416440271871e-11,8.709898935421734e-08,1.3896460586693138e-05,0.0,8.635333159645597e-08,8.709898935421734e-08,132.3399155356217,14840.942812551166,1.0086232820519212,4.542060196399689e-05,3.048224925805698e-06,0.9371095597208156,1.335900151389069e-06,0.0
16,3,client_3,0.1,fc1,,336,34,0.10119047619047619,0.7894736842105263,0.02380952425301075,True,0.3,9.008941934412713e-07,1.7583612337846505e-08,2.1992888576960468e-07,9.330101274906966e-11,1.3485036731708533e-07,1.7094562281272374e-05,0.0,1.2857046272074513e-07,1.3485036731708533e-07,51.23196213443503,2332.2006769410273,1.0488359116671004,3.0630402761744335e-05,5.310250799084315e-06,0.852249441086365,9.008941788124503e-07,0.0
16,4,client_4,0.1,fc1,,336,34,0.10119047619047619,0.7435897435897436,0.02976190485060215,True,0.3,6.512607089432015e-07,8.155561799364331e-09,3.920752362773783e-07,1.0139529407066084e-11,1.1544167222155011e-07,3.854549049719935e-06,0.0,1.0572235709105371e-07,1.1544167222155011e-07,79.84500393216618,35196.75041466968,1.0919221201245677,2.2142863599583507e-05,2.4629798645037226e-06,0.8999026077687154,6.512606773867446e-07,0.0
16,5,client_5,0.1,fc1,,336,34,0.10119047619047619,0.7,0.0357142873108387,True,0.3,1.1331089520267062e-06,2.5535459021901894e-08,4.998672267220172e-07,6.28431837818022e-11,2.0873353889783175e-07,5.267025699140504e-06,0.0,2.063503075078188e-07,2.0873353889783175e-07,44.37220332916443,7829.609945995502,1.0115445422604006,3.852570443996228e-05,7.71170925872866e-06,0.8332149340748718,1.133108980866382e-06,0.0
16,6,client_6,0.1,fc1,,336,34,0.10119047619047619,0.6190476190476191,0.0476190485060215,True,0.3,1.0488945446575279e-06,2.5077652496421664e-08,5.273424221741152e-07,1.1996131171754243e-10,2.104053749008017e-07,1.0376206773798913e-05,0.0,2.0507117426404875e-07,2.104053749008017e-07,41.82419868081784,4359.5957640201195,1.0260064567798748,3.5662415029946715e-05,7.573451057396596e-06,0.8248340424838243,1.0488944326425553e-06,0.0
16,7,client_7,0.1,fc1,,336,34,0.10119047619047619,0.8888888888888888,0.011904762126505375,True,0.3,7.765474249514923e-07,5.76175431743985e-09,2.0253362720268342e-07,1.8588332262314822e-11,5.754867515861406e-08,1.3970095096738078e-05,0.0,5.3819356082840386e-08,5.754867515861406e-08,134.7528251553989,10339.503357941781,1.069273400384699,2.6402611183584668e-05,1.7400496972186374e-06,0.9381703584192381,7.76547437908448e-07,0.0
16,8,client_8,0.1,fc1,,336,34,0.10119047619047619,0.6190476190476191,0.0476190485060215,True,0.3,3.2437541071484543e-07,2.0947007175408266e-08,2.5129357084097137e-07,1.2962654560855214e-10,1.55838137061437e-07,9.234123581336462e-07,0.0,1.5518378404522082e-07,1.55838137061437e-07,15.48478611825392,1923.755770086897,1.0042101615840493,1.1028763765352778e-05,6.325996309897164e-06,0.6354892307380234,3.2437540653518226e-07,0.0
16,9,client_9,0.1,fc1,,336,34,0.10119047619047619,0.7,0.0357142873108387,True,0.3,1.4131824056060877e-06,1.251846616990557e-08,3.8170908567281003e-07,8.056102551549926e-12,1.551062780436041e-07,1.2429534763214178e-05,0.0,1.5433035116529936e-07,1.551062780436041e-07,112.87880700561429,42149.377560602115,1.0050211889707021,4.804820127901621e-05,3.7805768897669623e-06,0.927056397036571,1.4131824173091445e-06,0.0
17,1,client_1,0.1,fc1,,336,34,0.10119047619047619,0.7,0.0357142873108387,True,0.3,2.2067412230091362e-06,4.442899836551816e-08,8.97898615903614e-07,8.66398567472837e-11,3.2676476280357747e-07,2.15266572922701e-05,0.0,3.261337155890942e-07,3.2676476280357747e-07,49.667821386232006,10245.322724485666,1.0019318618483937,7.502920198021457e-05,1.3417556147032883e-05,0.8482979220558079,2.2067411009629723e-06,0.0
17,2,client_2,0.1,fc1,,336,34,0.10119047619047619,0.7,0.0357142873108387,True,0.3,1.7120475843809987e-06,9.441714877319888e-09,3.227606555356033e-07,2.0747760714340258e-11,9.419674995569949e-08,3.754682984435931e-05,0.0,8.626678749124039e-08,9.419674995569949e-08,181.3088297829582,14841.098344565567,1.0919110446093705,5.820962178404443e-05,2.8513979941635625e-06,0.9533024676328177,1.712047605906264e-06,0.0
17,3,client_3,0.1,fc1,,336,34,0.10119047619047619,0.5454545454545454,0.0595238097012043,True,0.3,1.3255515787758508e-06,1.4319776502441872e-08,2.0565151714890817e-07,6.221139228768102e-11,1.2514983893652243e-07,3.4036816941807047e-05,0.0,1.1838564262234286e-07,1.2514983893652243e-07,92.56143188533301,3253.393252484753,1.0571280354300983,4.5068751205690205e-05,4.324572728364728e-06,0.9124461911778874,1.3255515796117834e-06,0.0
17,4,client_4,0.1,fc1,,336,34,0.10119047619047619,0.8378378378378378,0.01785714365541935,True,0.3,4.297217109731665e-07,4.515684092230091e-09,2.555415932192773e-07,3.2130062499469147e-12,7.982114880178415e-08,2.299240804859437e-06,0.0,7.844974447834829e-08,7.982114880178415e-08,95.14097116342566,60655.4033055368,1.0174683405817018,1.461053852835903e-05,1.363736600978882e-06,0.9146291456378246,4.297216946724802e-07,0.0
17,5,client_5,0.1,fc1,,336,34,0.10119047619047619,0.6585365853658537,0.0416666679084301,True,0.3,2.109885649304033e-06,2.8641980855259447e-08,4.2200251471058436e-07,4.4796451270645576e-11,2.0586341520356655e-07,1.6076231986517087e-05,0.0,2.0194643468585127e-07,2.0586341520356655e-07,73.66152496368457,9214.742692979746,1.019391088199793,7.173611083999276e-05,8.649878509459086e-06,0.892395683976069,2.1098855995660415e-06,0.0
17,6,client_6,0.1,fc1,,336,34,0.10119047619047619,0.7435897435897436,0.02976190485060215,True,0.3,8.647060642421339e-07,1.8312902567386874e-08,2.7216999853862944e-07,8.692849218228105e-11,1.4034156947673182e-07,1.5177754903561436e-05,0.0,1.3706602430829662e-07,1.4034156947673182e-07,47.21582748736414,3095.356144336067,1.023890101831276,2.9400005587376654e-05,5.530496309802402e-06,0.8416714089092304,8.647061804367695e-07,0.0
17,7,client_7,0.1,fc1,,336,34,0.10119047619047619,0.7894736842105263,0.02380952425301075,True,0.3,7.630074502675571e-07,8.951304208523002e-09,2.3234427715124184e-07,1.788646574601982e-11,7.946324132035443e-08,1.0606148862279952e-05,0.0,7.361845177911164e-08,7.946324132035443e-08,85.23028624754946,12302.157548995458,1.0793783354809072,2.5942252250388265e-05,2.70329383056378e-06,0.9056294919791794,7.630073923792224e-07,0.0
17,8,client_8,0.1,fc1,,336,34,0.10119047619047619,0.36,0.095238097012043,True,0.3,5.990129628397721e-07,1.4170228466449234e-08,3.596883288992103e-07,5.026342189684563e-11,1.3791438391308475e-07,3.629765387813677e-06,0.0,1.3220763150911807e-07,1.3791438391308475e-07,42.26965673850729,7016.471308196905,1.0431571852672354,2.0366440367070027e-05,4.279409040464088e-06,0.8263638718201465,5.990129352539952e-07,0.0
17,9,client_9,0.1,fc1,,336,34,0.10119047619047619,0.7435897435897436,0.02976190485060215,True,0.3,1.2902059835670008e-06,2.0438724181312005e-08,5.299654333157378e-07,2.5732013742008064e-11,1.9769524328694388e-07,9.284530278819147e-06,0.0,1.9272107465440058e-07,1.9769524328694388e-07,63.12247524096403,19825.12198409216,1.0258048728536233,4.386700311442837e-05,6.172494522616034e-06,0.8766475346328406,1.2902060007036198e-06,0.0
18,1,client_1,0.1,fc1,,336,34,0.10119047619047619,0.5111111111111111,0.065476194024086,True,0.3,3.1986939336213574e-06,4.7993854714792164e-08,1.080480586779231e-06,1.2905043700328633e-10,3.783514443966851e-07,2.1042977095930837e-05,0.0,3.586471279959369e-07,3.783514443966851e-07,66.6466010289955,8308.165752276002,1.0549377366357575,0.00010875559382839128,1.4494144124910235e-05,0.8824001961545577,3.1986937756300904e-06,0.0
18,2,client_2,0.1,fc1,,336,34,0.10119047619047619,0.7894736842105263,0.02380952425301075,True,0.3,7.936991669389633e-07,6.153013028905496e-09,2.0046736892709305e-07,1.9312465689147462e-11,5.899336485981621e-08,1.4570980056305416e-05,0.0,5.4781303049367125e-08,5.899336485981621e-08,128.97261725169344,9869.17944847034,1.0768690174754845,2.698577009141445e-05,1.8582099983177613e-06,0.9355771662539593,7.936992005852517e-07,0.0
18,3,client_3,0.1,fc1,,336,34,0.10119047619047619,0.5813953488372093,0.0535714291036129,True,0.3,7.792921859190221e-07,1.897391516604803e-08,2.866902093501267e-07,9.369955505933447e-11,1.529772646335914e-07,1.2313703336985782e-05,0.0,1.4575653040083125e-07,1.529772646335914e-07,41.06960052782823,3027.3659593278926,1.0495324955966665,2.6495934434933588e-05,5.730122211389244e-06,0.8221897548165317,7.792921223881422e-07,0.0
18,4,client_4,0.1,fc1,,336,34,0.10119047619047619,0.7894736842105263,0.02380952425301075,True,0.3,5.031308383252053e-07,4.308420734454125e-09,2.1987497689224256e-07,1.5734042215810595e-12,8.246139771017624e-08,4.662303126679035e-06,0.0,8.200542112035691e-08,8.246139771017624e-08,116.75138477490454,85441.2901977579,1.0055480605494487,1.7106447558035143e-05,1.3011430155529524e-06,0.9293148150125254,5.031308774050558e-07,0.0
18,5,client_5,0.1,fc1,,336,34,0.10119047619047619,0.6585365853658537,0.0416666679084301,True,0.3,1.89729057437409e-06,3.831490799779041e-08,5.718847120306236e-07,6.700426585098951e-11,2.8707418664453144e-07,1.071450151357567e-05,0.0,2.734561519446288e-07,2.8707418664453144e-07,49.51704588296595,8409.54173792176,1.0497958623611348,6.450787623180076e-05,1.157110273197759e-05,0.8479066919997263,1.897290644592431e-06,0.0
18,6,client_6,0.1,fc1,,336,34,0.10119047619047619,0.5813953488372093,0.0535714291036129,True,0.3,1.8249992968870121e-06,1.4422438684451282e-08,4.7619620602290524e-07,6.773990396391483e-11,1.4465420861142775e-07,3.7851204979233444e-05,0.0,1.417012072124635e-07,1.4465420861142775e-07,126.53011094049252,6927.5075838465755,1.0208324306094831,6.204997771419585e-05,4.355576493253466e-06,0.9344094409022446,1.824999344535172e-06,0.0
18,7,client_7,0.1,fc1,,336,34,0.10119047619047619,0.8378378378378378,0.01785714365541935,True,0.3,7.306232251882167e-07,1.2212197404827714e-08,2.3159815754070223e-07,2.9272288586124073e-11,9.997309291520651e-08,5.037842129240744e-06,0.0,9.943335044226842e-08,9.997309291520651e-08,59.822436416151845,7650.500452974011,1.0054180720298553,2.4841192498570308e-05,3.6880833249597345e-06,0.8707263297358481,7.306231850634504e-07,0.0
18,8,client_8,0.1,fc1,,336,34,0.10119047619047619,0.6585365853658537,0.0416666679084301,True,0.3,6.717213648578442e-07,1.4032869804888441e-08,2.125325622159835e-07,5.7005827142075916e-11,1.1864314330978232e-07,1.1284046195214614e-05,0.0,1.1527586707416049e-07,1.1864314330978232e-07,47.864300737909254,3663.986407700372,1.0292016631008563,2.28385270020226e-05,4.237926987116225e-06,0.8434829083491105,6.717213523188548e-07,0.0
18,9,client_9,0.1,fc1,,336,34,0.10119047619047619,0.7,0.0357142873108387,True,0.3,8.129810688180495e-07,1.4729953330255053e-08,3.109956310254347e-07,3.612308455830382e-11,1.3597292536360328e-07,4.172497028775979e-06,0.0,1.3065312032267684e-07,1.3597292536360328e-07,55.18862565047401,8377.418922099514,1.0407090494183464,2.764135570032522e-05,4.448445906746201e-06,0.86137506169122,8.129810566970264e-07,0.0
19,1,client_1,0.1,fc1,,336,34,0.10119047619047619,0.7,0.0357142873108387,True,0.3,1.9893074360598963e-06,5.4129737770793895e-08,6.383342565641215e-07,1.36484084450883e-10,3.9377073335344903e-07,1.014683221001178e-05,0.0,3.931062337869662e-07,3.9377073335344903e-07,36.75005215120534,4642.968377857367,1.0016878335208719,6.763645069440827e-05,1.634717955312226e-05,0.8053527775556509,1.9893072931154165e-06,0.0
19,2,client_2,0.1,fc1,,336,34,0.10119047619047619,0.8378378378378378,0.01785714365541935,True,0.3,4.819742866773675e-07,4.075883404533409e-09,1.3459136738447341e-07,1.5674054502229362e-11,4.200026637590781e-08,8.860695743351243e-06,0.0,4.12755980505608e-08,4.200026637590781e-08,118.22125845969057,8071.90400909858,1.0175321697892974,1.638712637941353e-05,1.230916723216069e-06,0.9301331228344271,4.819743253392517e-07,0.0
19,3,client_3,0.1,fc1,,336,34,0.10119047619047619,0.7894736842105263,0.02380952425301075,True,0.3,6.23838900328538e-07,1.2820453521148594e-08,1.9180537691454447e-07,7.512841737611353e-11,1.0766746072476963e-07,1.1263620763202198e-05,0.0,1.0400167838042762e-07,1.0766746072476963e-07,48.655864118645745,2519.497758201478,1.0352373842809772,2.1210522390902042e-05,3.871777153108269e-06,0.8456370400986661,6.2383895738094e-07,0.0
19,4,client_4,0.1,fc1,,336,34,0.10119047619047619,0.7894736842105263,0.02380952425301075,True,0.3,3.8568964158384115e-07,4.957692647138515e-09,2.23972953961038e-07,4.770656417650565e-12,7.556732839475444e-08,1.7694183043204248e-06,0.0,6.209354808106582e-08,7.556732839475444e-08,77.78050970882595,38812.38766459522,1.2169720326509117,1.3113448403601069e-05,1.4972232520449325e-06,0.8975253030895631,3.856896455545211e-07,0.0
19,5,client_5,0.1,fc1,,336,34,0.10119047619047619,0.5454545454545454,0.0595238097012043,True,0.3,1.1633652522893017e-06,3.858426400509892e-08,5.787308055005269e-07,9.48809433798381e-11,2.7931881163567596e-07,7.6075434662925545e-06,0.0,2.7780245659414504e-07,2.7931881163567596e-07,30.1505064766582,6035.931490659726,1.005454773889818,3.9554415707243606e-05,1.1652447028609458e-05,0.7724436300430783,1.1633652547970996e-06,0.0
19,6,client_6,0.1,fc1,,336,34,0.10119047619047619,0.7894736842105263,0.02380952425301075,True,0.3,1.170608751475383e-06,1.8514504595479036e-08,3.7284885934241174e-07,7.842912777555888e-11,1.7113431738380314e-07,1.956816777237691e-05,0.0,1.6801777746877633e-07,1.7113431738380314e-07,63.22316226592132,4694.107436203536,1.0185428079049426,3.9800695958547294e-05,5.591380613623187e-06,0.8768203194768238,1.1706086979756947e-06,0.0
19,7,client_7,0.1,fc1,,336,34,0.10119047619047619,0.6190476190476191,0.0476190485060215,True,0.3,7.991757018246784e-07,1.3729703148111573e-08,2.6338631187172723e-07,3.198671102294659e-11,1.0430040475739588e-07,5.442347173811868e-06,0.0,9.901729214334409e-08,1.0430040475739588e-07,58.20355252051252,7984.618766281593,1.053344816394178,2.7171972760697827e-05,4.146369974478148e-06,0.8676056751423591,7.991757229319774e-07,0.0
19,8,client_8,0.1,fc1,,336,34,0.10119047619047619,0.7,0.0357142873108387,True,0.3,3.5299624243253565e-07,1.0007873480619334e-08,1.580184516569716e-07,4.4533926893408626e-11,8.730840761472791e-08,3.434064183238661e-06,0.0,8.112351679301355e-08,8.730840761472791e-08,35.268328959903364,3470.345354286716,1.0762271513738855,1.2001872164546512e-05,3.022377768502338e-06,0.7988333140886239,3.5299621004014625e-07,0.0
19,9,client_9,0.1,fc1,,336,34,0.10119047619047619,0.6585365853658537,0.0416666679084301,True,0.3,7.048111400653102e-07,1.4606093305175668e-08,3.371482932834624e-07,2.2909409612414944e-11,1.125979949279099e-07,2.9732891562161967e-06,0.0,1.084282672536574e-07,1.125979949279099e-07,48.25129307660256,14101.071450480249,1.0384465170690516,2.3963579224073328e-05,4.411040208651684e-06,0.84454272369528,7.048112138363649e-07,0.0
20,1,client_1,0.1,fc1,,336,34,0.10119047619047619,0.7894736842105263,0.02380952425301075,True,0.3,2.0850169891793805e-06,4.094049265264546e-08,8.160113225130772e-07,1.0116577714436303e-10,3.0862045719004527e-07,1.1733150131476577e-05,0.0,2.9110302079971007e-07,3.0862045719004527e-07,50.92674580453176,7987.129793571001,1.0601724302612336,7.089057908160612e-05,1.2364027497824281e-05,0.8514913605709068,2.0850172859354643e-06,0.0
20,2,client_2,0.1,fc1,,336,34,0.10119047619047619,0.8378378378378378,0.01785714365541935,True,0.3,9.066404719792377e-07,4.213046708649932e-09,1.2869721643937737e-07,1.53292148939721e-11,4.1236113190734613e-08,2.0371488062664866e-05,0.0,4.110982132488061e-08,4.1236113190734613e-08,215.14722893750294,7881.40870672758,1.003047661462754,3.082577313762158e-05,1.2723401141556678e-06,0.9603608765245385,9.066404800250893e-07,0.0
20,3,client_3,0.1,fc1,,336,34,0.10119047619047619,0.6190476190476191,0.0476190485060215,True,0.3,6.567192936385629e-07,1.670299508047455e-08,2.375993233272311e-07,8.318782468430541e-11,1.5206327930172847e-07,1.3689892512047663e-05,0.0,1.519416059636569e-07,1.5206327930172847e-07,39.315103391416095,2822.2527927072715,1.0007942034250776,2.232845508842729e-05,5.044304543844191e-06,0.815718055931226,6.567192940565292e-07,0.0
20,4,client_4,0.1,fc1,,336,34,0.10119047619047619,0.8888888888888888,0.011904762126505375,True,0.3,3.9806477716678383e-07,4.565660986120261e-09,2.9995706540830724e-07,1.7619794512313547e-12,7.296164028502972e-08,1.5320829334086739e-06,0.0,6.445931433063379e-08,7.296164028502972e-08,87.16757788166169,108602.20747644572,1.131884649379623,1.3534202480514068e-05,1.3788296655548038e-06,0.9075419029750988,3.980647989010322e-07,0.0
20,5,client_5,0.1,fc1,,336,34,0.10119047619047619,0.6585365853658537,0.0416666679084301,True,0.3,1.7275321159987096e-06,3.277909755368558e-08,3.917179043355645e-07,9.266273859331875e-11,2.523246962482517e-07,2.6707428332883865e-05,0.0,2.459845802604832e-07,2.523246962482517e-07,52.70063986751245,4182.217071789816,1.0257702747496655,5.873609188711271e-05,9.899286851577926e-06,0.8557698975474952,1.7275319805776235e-06,0.0
20,6,client_6,0.1,fc1,,336,34,0.10119047619047619,0.5454545454545454,0.0595238097012043,True,0.3,1.3188426413702313e-06,2.351072778774223e-08,4.412221699112706e-07,6.906075364354614e-11,2.1978796382882138e-07,2.5946972527890466e-05,0.0,2.147436219956944e-07,2.1978796382882138e-07,56.092969996777775,6297.708017189096,1.0234852998238442,4.4840649934485555e-05,7.100239599822089e-06,0.8633015235822288,1.3188425782573177e-06,0.0
20,7,client_7,0.1,fc1,,336,34,0.10119047619047619,0.7435897435897436,0.02976190485060215,True,0.3,6.70128204535224e-07,7.935445992871526e-09,1.9458933309124404e-07,1.3043505945470324e-11,6.87595047565992e-08,7.464851933036698e-06,0.0,6.707064414968045e-08,6.87595047565992e-08,84.43681279216537,13856.179065741631,1.0251650399854824,2.278435931657441e-05,2.396504669377464e-06,0.9048283023353468,6.701282018184429e-07,0.0
20,8,client_8,0.1,fc1,,336,34,0.10119047619047619,0.7435897435897436,0.02976190485060215,True,0.3,6.336309252971847e-07,7.19160099229883e-09,1.4881668164434814e-07,2.256364713126846e-11,6.983473355148817e-08,1.3371724890021142e-05,0.0,5.8148224013621075e-08,6.983473355148817e-08,88.09482494241205,6315.519869030442,1.2009572739118555,2.154345202143304e-05,2.1718635707657086e-06,0.9084193305064225,6.336308615573216e-07,0.0
20,9,client_9,0.1,fc1,,336,34,0.10119047619047619,0.5454545454545454,0.0595238097012043,True,0.3,8.9188146750316e-07,1.5434000805663234e-08,4.68845541945484e-07,1.780261875417022e-11,2.2395367693661683e-07,4.205167897453066e-06,0.0,1.838440368828742e-07,2.2395367693661683e-07,57.78305286358787,24935.11930839416,1.2181654763913776,3.032397034985479e-05,4.661068032874027e-06,0.8667696502529857,8.918815410652314e-07,0.0
