round,client_id,client_name,tau,layer_name,num_layer_params,num_selected_params,selected_ratio,mask_jaccard_with_prev_round_layer,mask_hamming_change_rate_layer,selected_importance_mean,unselected_importance_mean,selected_importance_median,unselected_importance_median,selected_importance_min,selected_importance_max,unselected_importance_min,unselected_importance_max,importance_gap_mean_ratio,importance_gap_boundary_ratio,importance_selected_share,use_head_importance_ema,head_importance_ema_beta
6,1,client_1,0.05,fc1,336,17,0.050595238095238096,,,9.63144939572992e-06,1.6805299594595354e-07,5.704562681785319e-06,0.0,2.6837747100216802e-06,2.880047759390436e-05,0.0,2.6766304017655784e-06,57.31163571277062,1.0026687680086956,0.753344860154902,True,0.8
6,2,client_2,0.05,fc1,336,17,0.050595238095238096,,,2.0387011712794927e-06,4.10867353556872e-08,1.28911472074833e-06,0.0,5.795973265776411e-07,5.298274118104018e-06,0.0,5.510984237844241e-07,49.61824139566027,1.0517110008889514,0.7255986313000374,True,0.8
6,3,client_3,0.05,fc1,336,17,0.050595238095238096,,,2.23394947089914e-06,1.4319781323141291e-07,1.8428966086503351e-06,0.0,1.2042627304253983e-06,4.7268904381780885e-06,0.0,1.1309256251479383e-06,15.600335089991429,1.064846033019929,0.45396119720560013,True,0.8
6,4,client_4,0.05,fc1,336,17,0.050595238095238096,,,2.4807994136341116e-06,3.405686783767587e-08,1.1282276091151289e-06,0.0,5.670086125064699e-07,1.459375380363781e-05,0.0,5.569583549913659e-07,72.84071408867744,1.018043071590493,0.7951620065847929,True,0.8
6,5,client_5,0.05,fc1,336,17,0.050595238095238096,,,5.783557158418476e-06,1.0098098730313042e-07,2.2494457425636938e-06,0.0,1.2230063930473989e-06,5.217091893428005e-05,0.0,1.1907868611160666e-06,57.27315645964898,1.0270564833446785,0.7532207602392997,True,0.8
6,6,client_6,0.05,fc1,336,17,0.050595238095238096,,,3.565502257676117e-06,1.4050907876176658e-07,2.278610281791771e-06,0.0,1.3125679743097862e-06,1.9229413737775758e-05,0.0,1.2978202903468627e-06,25.37541996344184,1.011362646053512,0.5748850258015882,True,0.8
6,7,client_7,0.05,fc1,336,17,0.050595238095238096,,,9.142471242284955e-07,3.022410058866785e-08,6.809112278460816e-07,0.0,3.4866874898398237e-07,2.94605865747144e-06,0.0,3.4312779462197796e-07,30.247943147334624,1.0161454079308843,0.6171534647260427,True,0.8
6,8,client_8,0.05,fc1,336,17,0.050595238095238096,,,1.7322108526647806e-06,6.309403048324354e-08,1.6651574696879834e-06,0.0,9.019453841574432e-07,4.36091386291082e-06,0.0,7.513925197599747e-07,27.453998189680124,1.2003635384632554,0.5940057219470695,True,0.8
6,9,client_9,0.05,fc1,336,17,0.050595238095238096,,,3.6978101300465983e-06,5.150238366380888e-08,1.813839503483905e-06,0.0,7.959596359796706e-07,1.7395708709955215e-05,0.0,7.533141115345643e-07,71.79742119827027,1.0566091450870219,0.792800619724117,True,0.8
7,1,client_1,0.05,fc1,336,17,0.050595238095238096,0.8888888888888888,0.0059523810632526875,9.766190340301632e-06,1.9020937405891624e-07,6.1220353018143214e-06,0.0,3.110720854238025e-06,2.8601894882740453e-05,0.0,3.008984776897705e-06,51.3441519087525,1.0338104214786983,0.7323499943800894,True,0.8
7,2,client_2,0.05,fc1,336,17,0.050595238095238096,0.8888888888888888,0.0059523810632526875,1.8686059240066885e-06,3.77129081514223e-08,1.2421212431945605e-06,0.0,5.1443356596792e-07,4.605817139236024e-06,0.0,4.87708291529998e-07,49.54686521757937,1.054795499905456,0.7253123367448648,True,0.8
7,3,client_3,0.05,fc1,336,17,0.050595238095238096,0.8888888888888888,0.0059523810632526875,2.0780496938374094e-06,1.425339452275508e-07,1.7432187178201275e-06,0.0,1.0358736517446232e-06,4.720356173493201e-06,0.0,1.0294685353073874e-06,14.57922960941188,1.006220792570927,0.43723955455205255,True,0.8
7,4,client_4,0.05,fc1,336,17,0.050595238095238096,0.7894736842105263,0.011904762126505375,2.3941773092166626e-06,3.21321450677951e-08,1.252604192814033e-06,0.0,5.188791760701861e-07,1.284123572986573e-05,0.0,5.006472179047705e-07,74.50802914452922,1.0364147070006815,0.7988239480003664,True,0.8
7,5,client_5,0.05,fc1,336,17,0.050595238095238096,0.8888888888888888,0.0059523810632526875,5.196872560939964e-06,1.0449679799519764e-07,2.1353648662625346e-06,0.0,1.178365323539765e-06,4.442629506229423e-05,0.0,1.1172803624504013e-06,49.73188584489402,1.0546719592237674,0.7260509424088757,True,0.8
7,6,client_6,0.05,fc1,336,17,0.050595238095238096,0.8888888888888888,0.0059523810632526875,3.0393883555328048e-06,1.2926351755929748e-07,2.065977469101199e-06,0.0,1.122743015002925e-06,1.555862218083348e-05,0.0,1.1216287703064154e-06,23.512936209571563,1.000992524205385,0.5561572238568243,True,0.8
7,7,client_7,0.05,fc1,336,17,0.050595238095238096,0.7,0.01785714365541935,1.036094286131201e-06,3.448806984592272e-08,7.911582997621736e-07,0.0,3.495848659440526e-07,3.391699010535376e-06,0.0,3.399081833777018e-07,30.041235984614044,1.028465493253824,0.6155309936390542,True,0.8
7,8,client_8,0.05,fc1,336,17,0.050595238095238096,1.0,0.0,1.5303358977422142e-06,5.76470860542844e-08,1.4421069636227912e-06,0.0,7.7823489164075e-07,4.077093308296753e-06,0.0,7.228155709526618e-07,26.54617008969164,1.076669964296817,0.5858717016721022,True,0.8
7,9,client_9,0.05,fc1,336,17,0.050595238095238096,0.8888888888888888,0.0059523810632526875,4.1258036276303756e-06,5.414081395875303e-08,2.11511996894842e-06,0.0,8.530244031135226e-07,1.874819463409949e-05,0.0,7.950995950523065e-07,76.20364605392692,1.0728509177601677,0.8024138790178365,True,0.8
8,1,client_1,0.05,fc1,336,17,0.050595238095238096,0.8888888888888888,0.0059523810632526875,8.812832247178235e-06,1.885436225398296e-07,6.0247612054809e-06,0.0,3.1285130717151333e-06,2.523242983443197e-05,0.0,3.051830162803526e-06,46.74136089623317,1.025126523985411,0.7135435705605363,True,0.8
8,2,client_2,0.05,fc1,336,17,0.050595238095238096,1.0,0.0,1.6714365609218743e-06,3.429978417360453e-08,1.1185009043401806e-06,0.0,4.822448431696102e-07,4.602155513566686e-06,0.0,4.393283461467945e-07,48.728814841734554,1.0976841119292684,0.7219834966105847,True,0.8
8,3,client_3,0.05,fc1,336,17,0.050595238095238096,0.8888888888888888,0.0059523810632526875,1.872447743313815e-06,1.3656416104857266e-07,1.631858594919322e-06,0.0,1.1048961141568725e-06,3.921722054656129e-06,0.0,1.0347072247895994e-06,13.711020650778087,1.0678335086990782,0.42219467444660813,True,0.8
8,4,client_4,0.05,fc1,336,17,0.050595238095238096,0.8888888888888888,0.0059523810632526875,2.2955482028705504e-06,3.0818660732894394e-08,1.0820879197126487e-06,0.0,4.956532393407542e-07,1.1333954716974404e-05,0.0,4.830235411645845e-07,74.48324051213417,1.0261450446093725,0.7987706855552995,True,0.8
8,5,client_5,0.05,fc1,336,17,0.050595238095238096,0.8888888888888888,0.0059523810632526875,5.886370993667858e-06,1.1829446767877909e-07,2.5818021640588995e-06,0.0,1.696344497759128e-06,4.1506336856400594e-05,0.0,1.4200493296812056e-06,49.759902971530394,1.1945664616971352,0.7261627478700965,True,0.8
8,6,client_6,0.05,fc1,336,17,0.050595238095238096,0.8888888888888888,0.0059523810632526875,2.6498997907337445e-06,1.2027776434659096e-07,1.844340317802562e-06,0.0,1.109128334064735e-06,1.283006258745445e-05,0.0,1.0180316394325928e-06,22.03131870475397,1.0894820962547085,0.5400379987755268,True,0.8
8,7,client_7,0.05,fc1,336,17,0.050595238095238096,0.8888888888888888,0.0059523810632526875,1.0839650348557103e-06,3.678542258495185e-08,8.729266482987441e-07,0.0,3.8886517472747073e-07,3.266788326072856e-06,0.0,3.5299490264151245e-07,29.466443287669012,1.1016138482558695,0.6109486511736788,True,0.8
8,8,client_8,0.05,fc1,336,17,0.050595238095238096,0.8888888888888888,0.0059523810632526875,1.8179396995358677e-06,6.271494655448986e-08,1.6061662790889386e-06,0.0,9.38946868700441e-07,4.465890924620908e-06,0.0,7.923786142782774e-07,28.986881318236605,1.1849710060444467,0.6070387290057492,True,0.8
8,9,client_9,0.05,fc1,336,17,0.050595238095238096,0.8888888888888888,0.0059523810632526875,3.573067906071468e-06,5.2448694034656827e-08,1.9541957954061218e-06,0.0,8.830497222334088e-07,1.5266923583112657e-05,0.0,8.54540530781378e-07,68.12371305179619,1.033360802752282,0.7840399566431027,True,0.8
9,1,client_1,0.05,fc1,336,17,0.050595238095238096,0.8888888888888888,0.0059523810632526875,7.904257913918735e-06,1.8501008893104825e-07,5.669990059686825e-06,0.0,3.130074446744402e-06,2.1307459974195808e-05,0.0,3.0903020160621963e-06,42.72315762037686,1.0128697511135605,0.6948237419747925,True,0.8
9,2,client_2,0.05,fc1,336,17,0.050595238095238096,0.6190476190476191,0.02380952425301075,1.49187729903133e-06,3.511005914591325e-08,9.857568556981278e-07,0.0,5.009927690480254e-07,4.125292889511911e-06,0.0,4.7004559178276395e-07,42.49023912469975,1.0658364038932624,0.6936682233846037,True,0.8
9,3,client_3,0.05,fc1,336,17,0.050595238095238096,1.0,0.0,1.762888901419715e-06,1.2906625757408998e-07,1.520064643045771e-06,0.0,1.0559016345723649e-06,4.020750566269271e-06,0.0,9.053150620275119e-07,13.658684119849244,1.1663348071032862,0.42126208312075014,True,0.8
9,4,client_4,0.05,fc1,336,17,0.050595238095238096,0.8888888888888888,0.0059523810632526875,2.2274529034321484e-06,3.458243825331958e-08,9.93468233900785e-07,0.0,5.058263923274353e-07,1.0186249710386619e-05,0.0,4.798747568202089e-07,64.40808132251976,1.054077821474422,0.7743938807413536,True,0.8
9,5,client_5,0.05,fc1,336,17,0.050595238095238096,1.0,0.0,5.357540531162265e-06,1.1795879449547719e-07,2.8517831651697634e-06,0.0,1.6400637150582043e-06,3.5264827602077276e-05,0.0,1.4197742075339193e-06,45.418361010858526,1.1551573138869746,0.7076394986185776,True,0.8
9,6,client_6,0.05,fc1,336,17,0.050595238095238096,0.8888888888888888,0.0059523810632526875,2.361618873478352e-06,1.1803969046516113e-07,1.6003305063350126e-06,0.0,1.1325549849061645e-06,1.0712894436437637e-05,0.0,9.791439197215368e-07,20.00682022590648,1.1566775888785252,0.5160204685350254,True,0.8
9,7,client_7,0.05,fc1,336,17,0.050595238095238096,0.8888888888888888,0.0059523810632526875,1.347915210036423e-06,4.099413136374163e-08,1.03710578969185e-06,0.0,4.1638125480858434e-07,4.4391599658411e-06,0.0,4.0177931737162e-07,32.879885127739676,1.0363405990927612,0.6366625141167139,True,0.8
9,8,client_8,0.05,fc1,336,17,0.050595238095238096,1.0,0.0,1.5881078772562272e-06,5.999326291466483e-08,1.3428085594568984e-06,0.0,8.17452985302225e-07,3.963740709878039e-06,0.0,6.723354317728081e-07,26.470995726960325,1.215839193998123,0.5851833153457884,True,0.8
9,9,client_9,0.05,fc1,336,17,0.050595238095238096,1.0,0.0,3.634610373089398e-06,5.4852171333395806e-08,2.298368144693086e-06,0.0,9.56005351326894e-07,1.4503531929221936e-05,0.0,7.96792562596238e-07,66.26071537410942,1.19981560620531,0.7793078836787661,True,0.8
10,1,client_1,0.05,fc1,336,17,0.050595238095238096,1.0,0.0,7.210171200794695e-06,1.8636952644767184e-07,5.6138442232622765e-06,0.0,2.9569584967248375e-06,1.822922240535263e-05,0.0,2.750126895989524e-06,38.687293201476955,1.0752076298113014,0.6733858271764823,True,0.8
10,2,client_2,0.05,fc1,336,17,0.050595238095238096,0.8888888888888888,0.0059523810632526875,1.664840821751354e-06,3.7521038007827333e-08,1.259394366570632e-06,0.0,6.485900030384073e-07,5.377494744607247e-06,0.0,6.027331664881785e-07,44.36968006386161,1.076079703291763,0.7027870923174084,True,0.8
10,3,client_3,0.05,fc1,336,17,0.050595238095238096,0.7894736842105263,0.011904762126505375,1.6586525796757247e-06,1.281898653346646e-07,1.3791786841466092e-06,0.0,9.522770483272325e-07,4.167447059444385e-06,0.0,9.5158259227901e-07,12.938929582427914,1.000728738971383,0.4081231785830293,True,0.8
10,4,client_4,0.05,fc1,336,17,0.050595238095238096,1.0,0.0,2.3751576651086318e-06,3.5815788884466675e-08,1.2921619827466202e-06,0.0,5.06076446527004e-07,9.183435395243578e-06,0.0,4.837879714614246e-07,66.31408730609878,1.0460685885382084,0.7794479941747134,True,0.8
10,5,client_5,0.05,fc1,336,17,0.050595238095238096,1.0,0.0,4.70447513875757e-06,1.1374367871856359e-07,2.6607986001181416e-06,0.0,1.3236822269391268e-06,3.1050582038005814e-05,0.0,1.2574114407470915e-06,41.359958037226235,1.0527033008776827,0.687905232902626,True,0.8
10,6,client_6,0.05,fc1,336,17,0.050595238095238096,1.0,0.0,2.101335336219028e-06,1.1347358980206477e-07,1.4536844901158474e-06,0.0,9.437414405510935e-07,8.699559657543432e-06,0.0,9.108287031267537e-07,18.518113525542724,1.0361337990091433,0.4966951434654005,True,0.8
10,7,client_7,0.05,fc1,336,17,0.050595238095238096,1.0,0.0,1.3993699563824895e-06,4.2045099158857494e-08,1.158163968284498e-06,0.0,4.2120950638491195e-07,3.847188054351136e-06,0.0,3.9891074266051874e-07,33.28180222130538,1.0558964837075981,0.6394681968526613,True,0.8
10,8,client_8,0.05,fc1,336,17,0.050595238095238096,0.7894736842105263,0.011904762126505375,1.5013015366307894e-06,5.853188820961826e-08,1.2572050991366268e-06,0.0,8.972692739916965e-07,3.951945018343395e-06,0.0,7.655406761841732e-07,25.648854559411472,1.1720710993346788,0.5775046822915123,True,0.8
10,9,client_9,0.05,fc1,336,17,0.050595238095238096,1.0,0.0,3.3451006148050725e-06,5.4320643082809054e-08,2.2633223579759942e-06,0.0,8.025839406400337e-07,1.2381767191982362e-05,0.0,7.165873512349208e-07,61.57951830922586,1.1200069597236877,0.7664494031887757,True,0.8
11,1,client_1,0.05,fc1,336,17,0.050595238095238096,0.8888888888888888,0.0059523810632526875,6.2756713465633395e-06,1.7639710299897598e-07,5.15646388521418e-06,0.0,2.664223984538694e-06,1.5656803952879272e-05,0.0,2.644246706040576e-06,35.57675076925159,1.0075546169341412,0.6546902148597952,True,0.8
11,2,client_2,0.05,fc1,336,17,0.050595238095238096,0.8888888888888888,0.0059523810632526875,1.5257792757866435e-06,3.681813853987252e-08,1.0316502994101029e-06,0.0,5.419247486315726e-07,5.158907242730493e-06,0.0,5.41703627732204e-07,41.4398417859324,1.0004063485672812,0.6883232838085923,True,0.8
11,3,client_3,0.05,fc1,336,17,0.050595238095238096,0.7894736842105263,0.011904762126505375,1.6090239515666753e-06,1.234760290000837e-07,1.3995735343996785e-06,0.0,1.1006355862264172e-06,3.6526871554087847e-06,0.0,9.176697517432331e-07,13.030957778920843,1.1993796077031103,0.4098363650347157,True,0.8
11,4,client_4,0.05,fc1,336,17,0.050595238095238096,1.0,0.0,2.255226524325468e-06,3.5295336340332015e-08,1.4241020380723057e-06,0.0,5.013930035602243e-07,8.4212460933486e-06,0.0,4.510107203259395e-07,63.894068284602426,1.1117072593986583,0.7729908517222582,True,0.8
11,5,client_5,0.05,fc1,336,17,0.050595238095238096,0.8888888888888888,0.0059523810632526875,4.180895476726137e-06,1.0919837568475996e-07,2.5408689907635562e-06,0.0,1.1921634950340376e-06,2.622248030093033e-05,0.0,1.1200506833120016e-06,38.286807506992275,1.064382575194031,0.671093902048672,True,0.8
11,6,client_6,0.05,fc1,336,17,0.050595238095238096,0.8888888888888888,0.0059523810632526875,1.8253734411058866e-06,1.095447299117224e-07,1.3665712685906328e-06,0.0,8.950971732701873e-07,7.054065008560428e-06,0.0,8.861359788170375e-07,16.6631181569274,1.0101115230120645,0.4703421572683871,True,0.8
11,7,client_7,0.05,fc1,336,17,0.050595238095238096,0.8888888888888888,0.0059523810632526875,1.2855683935948251e-06,4.0368585164732436e-08,9.632830142436433e-07,0.0,4.467743224267906e-07,3.396696001800592e-06,0.0,4.19076712887545e-07,31.844974089996835,1.0660894356524222,0.6292327119539437,True,0.8
11,8,client_8,0.05,fc1,336,17,0.050595238095238096,1.0,0.0,1.4520666996652246e-06,5.602287175929722e-08,1.1490195674923598e-06,0.0,7.871293519201572e-07,4.2938754631904885e-06,0.0,6.73291481234628e-07,25.91871382798981,1.1690749174516022,0.5800564883383456,True,0.8
11,9,client_9,0.05,fc1,336,17,0.050595238095238096,0.7894736842105263,0.011904762126505375,3.1079549905692092e-06,5.409392260588277e-08,2.0304860299802385e-06,0.0,7.23489733900351e-07,9.910289918479975e-06,0.0,7.190059818640293e-07,57.45372838801737,1.0062346432641032,0.753807001061147,True,0.8
12,1,client_1,0.05,fc1,336,17,0.050595238095238096,0.8888888888888888,0.0059523810632526875,5.935927661352359e-06,1.671082728371852e-07,4.763660399476066e-06,0.0,2.3997927200980484e-06,1.329032238572836e-05,0.0,2.134865326297586e-06,35.52123446276821,1.124095073558968,0.6543371395113013,True,0.8
12,2,client_2,0.05,fc1,336,17,0.050595238095238096,0.7,0.01785714365541935,1.661314279451343e-06,3.7154879904561104e-08,1.3234339348855428e-06,0.0,6.542149435517786e-07,5.037537903263001e-06,0.0,6.200763209562865e-07,44.71201553343935,1.0550538157771112,0.7043900509731926,True,0.8
12,3,client_3,0.05,fc1,336,17,0.050595238095238096,0.7894736842105263,0.011904762126505375,1.6657480661224861e-06,1.2290193748766297e-07,1.3560061233874876e-06,0.0,1.0509579624340404e-06,3.16436944558518e-06,0.0,1.0187345651502255e-06,13.553362516576907,1.031629795195246,0.4193761261884866,True,0.8
12,4,client_4,0.05,fc1,336,17,0.050595238095238096,0.7894736842105263,0.011904762126505375,2.2687203160303932e-06,3.7319412298170093e-08,1.5366848629128071e-06,0.0,5.059657155470632e-07,8.082328349701129e-06,0.0,4.882061830357998e-07,60.79033366256872,1.0363749922744605,0.764134063475537,True,0.8
12,5,client_5,0.05,fc1,336,17,0.050595238095238096,1.0,0.0,3.649554748656502e-06,1.0343303127901651e-07,2.441548758724821e-06,0.0,1.1543286291271215e-06,2.154485264327377e-05,0.0,1.110759853872878e-06,35.283887744950356,1.0392233621686757,0.6528200403760962,True,0.8
12,6,client_6,0.05,fc1,336,17,0.050595238095238096,0.7894736842105263,0.011904762126505375,1.6577083436138362e-06,1.0601871211717031e-07,1.339734808425419e-06,0.0,8.758909757489164e-07,5.654045253322693e-06,0.0,8.497224257553171e-07,15.635850263220663,1.0307953731772652,0.4545254866655136,True,0.8
12,7,client_7,0.05,fc1,336,17,0.050595238095238096,0.8888888888888888,0.0059523810632526875,1.2840933135628482e-06,3.951373474939633e-08,8.608536745668971e-07,0.0,4.2649020315366215e-07,3.0550581868737936e-06,0.0,4.2490657392590947e-07,32.49656923440351,1.0037246434868885,0.6339457799921503,True,0.8
12,8,client_8,0.05,fc1,336,17,0.050595238095238096,0.8888888888888888,0.0059523810632526875,1.3632564044949986e-06,6.04080877313269e-08,1.039784024214896e-06,0.0,6.427156904464937e-07,4.473396074899938e-06,0.0,6.330677706500865e-07,22.567074850694063,1.015238344147826,0.5460022230358368,True,0.8
12,9,client_9,0.05,fc1,336,17,0.050595238095238096,1.0,0.0,2.7576594481401756e-06,5.237700594398265e-08,1.792394186850288e-06,0.0,7.450180419255048e-07,7.929196726763621e-06,0.0,6.993635679464205e-07,52.64918735336056,1.0652785057629368,0.737243801247971,True,0.8
13,1,client_1,0.05,fc1,336,17,0.050595238095238096,1.0,0.0,5.747470087204847e-06,1.6525439058908258e-07,4.977383468940388e-06,0.0,2.3045740817906335e-06,1.2010847058263607e-05,0.0,1.7222321275767172e-06,34.779319855872515,1.338131316190221,0.6495476074054687,True,0.8
13,2,client_2,0.05,fc1,336,17,0.050595238095238096,0.8888888888888888,0.0059523810632526875,1.8163270383678644e-06,3.841786343392294e-08,1.3231399407231947e-06,0.0,6.751167234142486e-07,4.252205144439358e-06,0.0,5.253958192952268e-07,47.27695918156941,1.2849653797292828,0.7158709258637522,True,0.8
13,3,client_3,0.05,fc1,336,17,0.050595238095238096,0.7894736842105263,0.011904762126505375,1.5934772831957054e-06,1.1080645965556948e-07,1.3009079111725441e-06,0.0,1.0596691026876215e-06,2.7985142878605984e-06,0.0,9.87447492661886e-07,14.380595748235917,1.0731386098236364,0.4338675238869508,True,0.8
13,4,client_4,0.05,fc1,336,17,0.050595238095238096,0.8888888888888888,0.0059523810632526875,2.502999965305635e-06,3.6635886716790866e-08,1.8729305111264694e-06,0.0,5.589669740402314e-07,8.410877853748389e-06,0.0,4.1521863636262424e-07,68.31912287346451,1.3461959047429737,0.7845259559175145,True,0.8
13,5,client_5,0.05,fc1,336,17,0.050595238095238096,0.8888888888888888,0.0059523810632526875,3.1986424426791288e-06,1.0520978963924179e-07,2.209321337431902e-06,0.0,1.1383931450836826e-06,1.7260790627915412e-05,0.0,1.0987888572344673e-06,30.40222826619762,1.0360426405362828,0.6183492745574329,True,0.8
13,6,client_6,0.05,fc1,336,17,0.050595238095238096,0.8888888888888888,0.0059523810632526875,1.5622511000401573e-06,1.0196516094520066e-07,1.2526610362328938e-06,0.0,8.197375791496597e-07,4.6511381697200704e-06,0.0,8.02167676283716e-07,15.321270170010154,1.0219017563080832,0.4494913601506856,True,0.8
13,7,client_7,0.05,fc1,336,17,0.050595238095238096,0.8888888888888888,0.0059523810632526875,1.3695751874820417e-06,3.85192874083223e-08,7.896221063674602e-07,0.0,4.382880263165134e-07,3.6923802326782607e-06,0.0,4.251455152370909e-07,35.55464612619025,1.0309105463844481,0.6545543136451368,True,0.8
13,8,client_8,0.05,fc1,336,17,0.050595238095238096,0.8888888888888888,0.0059523810632526875,1.2827684472808067e-06,5.866116997630941e-08,9.451147775507707e-07,0.0,5.911663265578682e-07,4.324750989326276e-06,0.0,5.760238650509564e-07,21.867047328778494,1.0262861248282613,0.5381805616592042,True,0.8
13,9,client_9,0.05,fc1,336,17,0.050595238095238096,0.8888888888888888,0.0059523810632526875,2.7005836834766397e-06,5.3744462797958965e-08,1.8532582544139586e-06,0.0,7.162979613895004e-07,7.117927452782169e-06,0.0,6.785957111787866e-07,50.247658925716735,1.0555576671528855,0.7281001060254783,True,0.8
14,1,client_1,0.05,fc1,336,17,0.050595238095238096,1.0,0.0,5.265226772120086e-06,1.5913662246900927e-07,4.940757662552642e-06,0.0,2.479402837707312e-06,1.11379904410569e-05,0.0,1.4431914223678177e-06,33.08599619895317,1.717998791622952,0.6381026827922566,True,0.8
14,2,client_2,0.05,fc1,336,17,0.050595238095238096,0.8888888888888888,0.0059523810632526875,1.636634572284546e-06,3.516679923516539e-08,1.2237093187650316e-06,0.0,6.138514550002583e-07,4.595042810251471e-06,0.0,5.692731406270468e-07,46.53787293712777,1.07830553189033,0.7126556495235065,True,0.8
14,3,client_3,0.05,fc1,336,17,0.050595238095238096,0.7894736842105263,0.011904762126505375,1.618563868867247e-06,1.1607525749818323e-07,1.4142279951556702e-06,0.0,9.936410378941218e-07,2.5233791802747874e-06,0.0,9.680364883024595e-07,13.943970143012063,1.0264489236223284,0.4263100952276604,True,0.8
14,4,client_4,0.05,fc1,336,17,0.050595238095238096,0.8888888888888888,0.0059523810632526875,2.307125595614386e-06,3.5612207479616926e-08,1.8315788565814728e-06,0.0,5.693831894859613e-07,7.372490927082254e-06,0.0,4.96578707043227e-07,64.78286452953894,1.1466098622439211,0.7754057988132294,True,0.8
14,5,client_5,0.05,fc1,336,17,0.050595238095238096,1.0,0.0,3.235924188683224e-06,1.0743543356457107e-07,2.2221961444301996e-06,0.0,1.019207275021472e-06,1.5596313460264355e-05,0.0,1.003256329568103e-06,30.11943045129453,1.0158981599070254,0.6161413638751208,True,0.8
14,6,client_6,0.05,fc1,336,17,0.050595238095238096,0.7894736842105263,0.011904762126505375,1.5037111559061434e-06,9.763030486983513e-08,1.0234911087536602e-06,0.0,7.895067710705916e-07,3.874221420119284e-06,0.0,7.701994491071673e-07,15.40193647837581,1.025066619976403,0.4507912135540695,True,0.8
14,7,client_7,0.05,fc1,336,17,0.050595238095238096,0.7894736842105263,0.011904762126505375,1.5130220310097417e-06,4.005875125358492e-08,9.92325567494845e-07,0.0,4.713191970040498e-07,3.708187250595074e-06,0.0,4.5082029487275577e-07,37.76913195072179,1.0454679101551305,0.6680856300509779,True,0.8
14,8,client_8,0.05,fc1,336,17,0.050595238095238096,0.8888888888888888,0.0059523810632526875,1.2789282931514798e-06,5.5732742952582984e-08,8.61973489918455e-07,0.0,5.528816586775065e-07,4.023839210276492e-06,0.0,5.442788619802741e-07,22.94710933445764,1.0158039958817071,0.5501389445324176,True,0.8
14,9,client_9,0.05,fc1,336,17,0.050595238095238096,0.7894736842105263,0.011904762126505375,2.4751936761651235e-06,5.4919955434182895e-08,1.715763005449844e-06,0.0,8.32405476103304e-07,7.576779808005085e-06,0.0,7.314503704947128e-07,45.06829235939619,1.138018889130403,0.7060381674912577,True,0.8
15,1,client_1,0.05,fc1,336,17,0.050595238095238096,1.0,0.0,4.736061501877403e-06,1.6167449093698197e-07,4.043469743919559e-06,0.0,2.2502001684188144e-06,9.698245776235126e-06,0.0,1.6183238358280505e-06,29.293626847395377,1.3904502474421034,0.6095446074383917,True,0.8
15,2,client_2,0.05,fc1,336,17,0.050595238095238096,1.0,0.0,1.6478080056003819e-06,3.453394549612052e-08,1.245652697434707e-06,0.0,5.522768447008275e-07,4.950184575136518e-06,0.0,4.7021217142173555e-07,47.71422053599269,1.1745244035401314,0.7177403539129864,True,0.8
15,3,client_3,0.05,fc1,336,17,0.050595238095238096,0.8888888888888888,0.0059523810632526875,1.6252223932657644e-06,1.1201725600404951e-07,1.4191891750670038e-06,0.0,9.307406116931816e-07,2.8978527097933693e-06,0.0,9.29789734982478e-07,14.508549331521568,1.0010216026843088,0.43604452758255985,True,0.8
15,4,client_4,0.05,fc1,336,17,0.050595238095238096,1.0,0.0,2.4340308487701215e-06,3.423291970042854e-08,1.948878207258531e-06,0.0,5.619926355393545e-07,7.14127418177668e-06,0.0,5.388214958657045e-07,71.09997540654545,1.0430014334060487,0.79119412538212,True,0.8
15,5,client_5,0.05,fc1,336,17,0.050595238095238096,0.8888888888888888,0.0059523810632526875,3.0544374968646e-06,1.0938278416808962e-07,2.5331091819680296e-06,0.0,9.728879604153917e-07,1.2599028195836581e-05,0.0,9.517902981315274e-07,27.924043038873645,1.0221652187042258,0.5980915517022292,True,0.8
15,6,client_6,0.05,fc1,336,17,0.050595238095238096,0.7,0.01785714365541935,1.5079094670427901e-06,9.643099669325006e-08,9.837616516961134e-07,0.0,7.810023134879884e-07,4.05258606406278e-06,0.0,7.809844646544661e-07,15.637024211366755,1.0000215738119143,0.45454437331026926,True,0.8
15,7,client_7,0.05,fc1,336,17,0.050595238095238096,0.7894736842105263,0.011904762126505375,1.4278236402360028e-06,4.3292563989434875e-08,8.660184676045901e-07,0.0,5.308160098138615e-07,3.6634394291468197e-06,0.0,4.986280828234158e-07,32.98004388329963,1.06455084169618,0.6373655221220305,True,0.8
15,8,client_8,0.05,fc1,336,17,0.050595238095238096,0.7894736842105263,0.011904762126505375,1.5878856061135593e-06,5.8352211197577036e-08,1.0244991699437378e-06,0.0,6.19762488440756e-07,4.05619266530266e-06,0.0,6.119292379480612e-07,27.211623379854238,1.0127992539132533,0.5918657221824365,True,0.8
15,9,client_9,0.05,fc1,336,17,0.050595238095238096,0.7894736842105263,0.011904762126505375,2.5822480438364437e-06,5.879007295332851e-08,1.993608520933776e-06,0.0,9.206708568854083e-07,6.604260306630749e-06,0.0,8.831765967443062e-07,43.92245138792364,1.0424526848046363,0.7006646349920386,True,0.8
16,1,client_1,0.05,fc1,336,17,0.050595238095238096,1.0,0.0,4.246382786732283e-06,1.5463691465642146e-07,3.4536628845671657e-06,0.0,1.8232515230920399e-06,8.9810719146044e-06,0.0,1.593445404068916e-06,27.460165873078456,1.1442189197178574,0.594057600037922,True,0.8
16,2,client_2,0.05,fc1,336,17,0.050595238095238096,0.7894736842105263,0.011904762126505375,1.5550900129443e-06,3.494623806511586e-08,1.152777826973761e-06,0.0,5.041067652200582e-07,4.512955001700902e-06,0.0,4.934305479764589e-07,44.498223580551915,1.021634646765854,0.7033913984515704,True,0.8
16,3,client_3,0.05,fc1,336,17,0.050595238095238096,0.8888888888888888,0.0059523810632526875,1.5589133447653747e-06,1.073590903560833e-07,1.3787278021482052e-06,0.0,9.160028753285587e-07,2.8299914447416086e-06,0.0,8.932148034546117e-07,14.520417592746954,1.0255112726239455,0.4362457786503009,True,0.8
16,4,client_4,0.05,fc1,336,17,0.050595238095238096,0.7894736842105263,0.011904762126505375,2.422692151573274e-06,3.437371393588882e-08,1.8905284377979115e-06,0.0,5.098908104628208e-07,7.316543360502692e-06,0.0,4.940985718349111e-07,70.47890365260231,1.0319596282370103,0.7897409380833349,True,0.8
16,5,client_5,0.05,fc1,336,17,0.050595238095238096,0.8888888888888888,0.0059523810632526875,2.679601028804053e-06,1.0539621771799169e-07,2.3654383767279796e-06,0.0,9.319305718236137e-07,1.0096307050844189e-05,0.0,8.796067163530097e-07,25.423830788150255,1.059484307035803,0.5753513448594053,True,0.8
16,6,client_6,0.05,fc1,336,17,0.050595238095238096,0.7894736842105263,0.011904762126505375,1.529599661781129e-06,8.977548967748879e-08,8.936974609241588e-07,0.0,7.405250812553277e-07,4.32056731369812e-06,0.0,7.373159860435408e-07,17.037864448432227,1.0043510393392692,0.4758865932222687,True,0.8
16,7,client_7,0.05,fc1,336,17,0.050595238095238096,0.7894736842105263,0.011904762126505375,1.6118842354979493e-06,4.3310566502825006e-08,9.808767345020897e-07,0.0,5.494664492289303e-07,4.892355718766339e-06,0.0,4.892439164905227e-07,37.21602254660574,1.1230907684649885,0.6648057413214908,True,0.8
16,8,client_8,0.05,fc1,336,17,0.050595238095238096,0.7894736842105263,0.011904762126505375,1.5315381126450067e-06,5.859410785530152e-08,9.195906045533775e-07,0.0,6.523514457512647e-07,3.8041330299165566e-06,0.0,6.11467442013236e-07,26.13764474036099,1.0668603658488458,0.5821038252615635,True,0.8
16,9,client_9,0.05,fc1,336,17,0.050595238095238096,0.7894736842105263,0.011904762126505375,2.1759700229374765e-06,5.620228373548131e-08,1.7016683386827935e-06,0.0,8.674048785906052e-07,5.482524557010038e-06,0.0,8.248881044892187e-07,38.71606565158362,1.0515411997443134,0.673552050161657,True,0.8
17,1,client_1,0.05,fc1,336,17,0.050595238095238096,1.0,0.0,4.597622284349841e-06,1.5819475009772536e-07,3.837820713670226e-06,0.0,1.9077494926023064e-06,1.070135931513505e-05,0.0,1.5503239865211071e-06,29.06286851264754,1.2305481168069485,0.6076607718692804,True,0.8
17,2,client_2,0.05,fc1,336,17,0.050595238095238096,0.8888888888888888,0.0059523810632526875,1.444783375812703e-06,3.504266167205659e-08,1.0457540611241711e-06,0.0,4.861681190959644e-07,3.971162641391857e-06,0.0,4.798536110683926e-07,41.228093951288095,1.0131571269337492,0.6872234578139881,True,0.8
17,3,client_3,0.05,fc1,336,17,0.050595238095238096,0.8888888888888888,0.0059523810632526875,1.5168188771413577e-06,1.0153094930167904e-07,1.4089425803831546e-06,0.0,8.268770557151583e-07,2.7916828457819065e-06,0.0,8.174721983777999e-07,14.939325873026196,1.0115035665463032,0.4432528370738268,True,0.8
17,4,client_4,0.05,fc1,336,17,0.050595238095238096,0.8888888888888888,0.0059523810632526875,2.3509237440949244e-06,3.4795074569618155e-08,1.8863253217205056e-06,0.0,5.227094561632839e-07,7.87356748332968e-06,0.0,5.117294108458736e-07,67.56290107929617,1.021454744695087,0.782638649831712,True,0.8
17,5,client_5,0.05,fc1,336,17,0.050595238095238096,0.8888888888888888,0.0059523810632526875,2.8057504015818907e-06,1.0788900494704398e-07,2.456011088725063e-06,0.0,9.702991974336328e-07,8.331092431035358e-06,0.0,9.692543017081334e-07,26.00565643647015,1.0010770080118827,0.5808699160412457,True,0.8
17,6,client_6,0.05,fc1,336,17,0.050595238095238096,0.7,0.01785714365541935,1.5330472251662286e-06,8.933032413865284e-08,1.0523615401325515e-06,0.0,7.985190109138784e-07,4.094845735380659e-06,0.0,6.966664614083129e-07,17.16136237706224,1.1461982296398237,0.47768827052330515,True,0.8
17,7,client_7,0.05,fc1,336,17,0.050595238095238096,0.8888888888888888,0.0059523810632526875,1.651406822635609e-06,3.966489808673987e-08,8.51607126151066e-07,0.0,5.111345444674953e-07,4.966171218256932e-06,0.0,4.721090363091207e-07,41.632911450142274,1.0826597724197136,0.6893191852538235,True,0.8
17,8,client_8,0.05,fc1,336,17,0.050595238095238096,0.8888888888888888,0.0059523810632526875,1.5063471825188197e-06,6.157779405767738e-08,8.971679221758677e-07,0.0,6.374324925673136e-07,3.62060745828785e-06,0.0,6.21932201738673e-07,24.462109165501186,1.0249211503507303,0.5659052450159142,True,0.8
17,9,client_9,0.05,fc1,336,17,0.050595238095238096,0.8888888888888888,0.0059523810632526875,2.21463884198623e-06,5.367208346331745e-08,1.9291042008262593e-06,0.0,8.394650308218843e-07,4.528541921899887e-06,0.0,7.716507184341026e-07,41.261628717489494,1.0878807249018947,0.6873961067663764,True,0.8
18,1,client_1,0.05,fc1,336,17,0.050595238095238096,0.8888888888888888,0.0059523810632526875,4.20125993915623e-06,1.5595674952044834e-07,3.955234205932356e-06,0.0,1.7174667163999402e-06,9.480788321525324e-06,0.0,1.5372148709502653e-06,26.938449368977224,1.1172579914480383,0.5894236490556697,True,0.8
18,2,client_2,0.05,fc1,336,17,0.050595238095238096,0.8888888888888888,0.0059523810632526875,1.4238063218887391e-06,3.690696018213769e-08,9.842178769758902e-07,0.0,4.657021008824813e-07,3.177533244524966e-06,0.0,4.654378926716163e-07,38.57721518237189,1.0005655054079263,0.6727635962827637,True,0.8
18,3,client_3,0.05,fc1,336,17,0.050595238095238096,0.8888888888888888,0.0059523810632526875,1.5504043296780712e-06,9.738110294149807e-08,1.264905904463376e-06,0.0,8.383909175790905e-07,3.4041872822854202e-06,0.0,8.377220979127742e-07,15.920834350943013,1.000797184258116,0.4590075057767919,True,0.8
18,4,client_4,0.05,fc1,336,17,0.050595238095238096,0.8888888888888888,0.0059523810632526875,2.710845137698925e-06,3.428666360370383e-08,2.1920625385973835e-06,0.0,5.225820700616168e-07,9.555382348480634e-06,0.0,4.962236062056036e-07,79.06182144781931,1.053115995310181,0.8081883809534998,True,0.8
18,5,client_5,0.05,fc1,336,17,0.050595238095238096,1.0,0.0,2.755555536115186e-06,1.0583456988365347e-07,2.291195642101229e-06,0.0,1.004552473204967e-06,7.310099590540631e-06,0.0,9.991166507461458e-07,26.036195006503075,1.0054396221053272,0.5811556684116067,True,0.8
18,6,client_6,0.05,fc1,336,17,0.050595238095238096,0.8888888888888888,0.0059523810632526875,1.6106994915871303e-06,8.297459506134488e-08,1.0172288966714405e-06,0.0,7.64359299409989e-07,4.895759957435075e-06,0.0,7.101623964445025e-07,19.411725705568248,1.0763146949516451,0.5084770664248648,True,0.8
18,7,client_7,0.05,fc1,336,17,0.050595238095238096,0.8888888888888888,0.0059523810632526875,1.7130869844764033e-06,3.972325590015675e-08,9.94934339360043e-07,0.0,6.01513136189169e-07,4.988814907846972e-06,0.0,5.891401997359935e-07,43.12445747963383,1.0209999512149541,0.6968067174130645,True,0.8
18,8,client_8,0.05,fc1,336,17,0.050595238095238096,0.8888888888888888,0.0059523810632526875,1.512800428613178e-06,5.7123128125244226e-08,8.840357850203873e-07,0.0,6.059265729163599e-07,3.454811121628154e-06,0.0,6.044144242878247e-07,26.4826874083115,1.0025001821062323,0.5852907326445035,True,0.8
18,9,client_9,0.05,fc1,336,17,0.050595238095238096,1.0,0.0,1.980308949816176e-06,4.869025543526375e-08,1.667852984610363e-06,0.0,7.690869665566424e-07,4.325135705585126e-06,0.0,6.256261713133426e-07,40.67073095802688,1.2293055701883007,0.6842886213162526,True,0.8
19,1,client_1,0.05,fc1,336,17,0.050595238095238096,1.0,0.0,3.829171392306521e-06,1.4872428879799208e-07,3.4647869142645504e-06,0.0,1.4637951153417816e-06,8.777689799899235e-06,0.0,1.2960333606315544e-06,25.746605861411634,1.1294415949191947,0.578430028716257,True,0.8
19,2,client_2,0.05,fc1,336,17,0.050595238095238096,0.7894736842105263,0.011904762126505375,1.470129642283984e-06,3.427709904934588e-08,8.82427286796883e-07,0.0,4.926972110297356e-07,3.496905037536635e-06,0.0,4.103835351543239e-07,42.88830720068877,1.200574507137454,0.6956462351588426,True,0.8
19,3,client_3,0.05,fc1,336,17,0.050595238095238096,0.7894736842105263,0.011904762126505375,1.4728112506311256e-06,9.871701443512498e-08,1.216275791193766e-06,0.0,8.458059710392263e-07,2.7449680146673927e-06,0.0,8.176521077984944e-07,14.919376762779406,1.0344313046354494,0.4429231735482209,True,0.8
19,4,client_4,0.05,fc1,336,17,0.050595238095238096,0.8888888888888888,0.0059523810632526875,2.778237768886945e-06,3.296658144213138e-08,2.2711847122991458e-06,0.0,5.100749831399298e-07,9.801863598113414e-06,0.0,4.606831396358757e-07,84.27181028622431,1.1072119468733883,0.8178874514708614,True,0.8
19,5,client_5,0.05,fc1,336,17,0.050595238095238096,0.8888888888888888,0.0059523810632526875,2.4751547250482817e-06,9.956641093658426e-08,1.8932821603812044e-06,0.0,9.002497449728253e-07,6.164255864860024e-06,0.0,8.995418170343328e-07,24.859084933168937,1.0007858746966856,0.5698540224456964,True,0.8
19,6,client_6,0.05,fc1,336,17,0.050595238095238096,0.8888888888888888,0.0059523810632526875,1.5464962041947087e-06,8.09011510717836e-08,9.024120117828716e-07,0.0,7.434594522237603e-07,4.8982660700858105e-06,0.0,7.349223096753121e-07,19.115637640123058,1.0116150113026343,0.504635195809308,True,0.8
19,7,client_7,0.05,fc1,336,17,0.050595238095238096,0.8888888888888888,0.0059523810632526875,1.8231265478200787e-06,4.194509773566869e-08,1.1272869642198202e-06,0.0,5.552534503294737e-07,4.906616140942788e-06,0.0,5.277883019516594e-07,43.46355552091775,1.0520361975437118,0.6984586555117538,True,0.8
19,8,client_8,0.05,fc1,336,17,0.050595238095238096,0.7,0.01785714365541935,1.6005134217694456e-06,6.063403620285299e-08,1.062257183548354e-06,0.0,7.323474164877553e-07,3.7983186302881222e-06,0.0,6.481460559371044e-07,26.395851672537443,1.1299093466202854,0.5844930305918451,True,0.8
19,9,client_9,0.05,fc1,336,17,0.050595238095238096,1.0,0.0,1.8465989108014635e-06,4.601403724085204e-08,1.448502302991983e-06,0.0,6.58670614939183e-07,4.608812105288962e-06,0.0,5.269962457532529e-07,40.13033611460511,1.2498558963011759,0.6813920429886853,True,0.8
20,1,client_1,0.05,fc1,336,17,0.050595238095238096,0.8888888888888888,0.0059523810632526875,3.786397348235101e-06,1.4505612626041798e-07,3.1547306207357906e-06,0.0,1.4536738035531016e-06,8.815750334179029e-06,0.0,1.3619065839520772e-06,26.10280132971518,1.0673806509944903,0.5817768281410678,True,0.8
20,2,client_2,0.05,fc1,336,17,0.050595238095238096,0.8888888888888888,0.0059523810632526875,1.3928122287405346e-06,3.2757212326353193e-08,8.692167625667935e-07,0.0,4.271125533250597e-07,3.446608388912864e-06,0.0,4.178048982339533e-07,42.517955951462305,1.0222750687112012,0.693807219243159,True,0.8
20,3,client_3,0.05,fc1,336,17,0.050595238095238096,0.7894736842105263,0.011904762126505375,1.4799357640025419e-06,1.0287282664080903e-07,1.2811065062123816e-06,0.0,9.66778429756232e-07,2.3738361960568e-06,0.0,9.191295475829975e-07,14.385930924586274,1.0518401681877863,0.433958780527425,True,0.8
20,4,client_4,0.05,fc1,336,17,0.050595238095238096,0.8888888888888888,0.0059523810632526875,2.7269157686425708e-06,3.503887469054147e-08,2.0162556211289484e-06,0.0,5.151475761522306e-07,9.3689950517728e-06,0.0,5.091236516818753e-07,77.8232169128922,1.0118299604045076,0.8057285518305305,True,0.8
20,5,client_5,0.05,fc1,336,17,0.050595238095238096,0.8888888888888888,0.0059523810632526875,2.2694540508810485e-06,9.373657460127483e-08,1.74649289874651e-06,0.0,8.8133566578108e-07,5.860788860445609e-06,0.0,8.797791792858334e-07,24.210718706286904,1.0017680399398283,0.5633645820936831,True,0.8
20,6,client_6,0.05,fc1,336,17,0.050595238095238096,0.8888888888888888,0.0059523810632526875,1.4478405854092938e-06,7.317636696817245e-08,7.994575526026892e-07,0.0,6.651023909398646e-07,4.76781224278966e-06,0.0,6.459741257458518e-07,19.78536049321115,1.0296099097808575,0.5132414661639477,True,0.8
20,7,client_7,0.05,fc1,336,17,0.050595238095238096,0.8888888888888888,0.0059523810632526875,1.7673430781595766e-06,4.0432164894231834e-08,9.993905223382171e-07,0.0,6.784798642911483e-07,4.397022166813258e-06,0.0,5.444111366159632e-07,43.710233487354444,1.2462614601293478,0.699649460497953,True,0.8
20,8,client_8,0.05,fc1,336,17,0.050595238095238096,0.8888888888888888,0.0059523810632526875,1.4743069882302627e-06,6.28958532736544e-08,9.280249173571065e-07,0.0,6.925750426489685e-07,3.7591478303511394e-06,0.0,6.576327109542035e-07,23.440075480656926,1.0531319047560173,0.5553930114985465,True,0.8
20,9,client_9,0.05,fc1,336,17,0.050595238095238096,1.0,0.0,1.6468895898255783e-06,4.341101834058523e-08,1.4258957889978774e-06,0.0,6.014371365381521e-07,3.92229185308679e-06,0.0,5.672018801305967e-07,37.93625942256471,1.0603562809830462,0.6690635271079693,True,0.8
